Name;Rechtsform;Strasse;PLZ;Ort;Bundesland;Telefon;Email;Website;TAB_Niederspannung_Link;TAB_Stand;Anmeldeportal;Quelle;Recherche_Datum;Anmerkung
StWB Stadtwerke Brandenburg an der Havel GmbH & Co. KG;GmbH & Co. KG;Packhofstraße 31;14776;Brandenburg an der Havel;BB;03381 752 752;n/a;https://www.stwb.de/;https://www.stwb.de/wp-content/uploads/2024/10/TAB_NS_Nord-2023.pdf;TAB NS Nord 2023 (siehe auch Aenderungsdokument: https://www.stwb.de/wp-content/uploads/2024/10/Aenderungen-TAB-NS-Nord-2023.pdf);https://www.ngp-potsdam.de/LineRegister/ (Online-Planauskunft; separates Installateur-Anmeldeportal nicht gefunden);https://www.northdata.de , https://www.stwb.de/;"2026-09-18;Handelsregister Amtsgericht Potsdam HRA 6290. Netzbetrieb-Anschrift laut Website abweichend: Upstallstraße 11, 14772 Brandenburg an der Havel."
Elektroenergieversorgung Cottbus GmbH (Marke: Energienetze Cottbus);GmbH;Karl-Liebknecht-Straße 130;03046;Cottbus;BB;0355 724000;n/a;https://www.energienetze-cottbus.de/;n/a;n/a;https://www.energienetze-cottbus.de/de/Service/Netzportal/;https://www.stadtwerke-cottbus.de/ , https://www.energienetze-cottbus.de/;2026-09-18;"Netzbetreiber-Tochter der Stadtwerke Cottbus, tritt unter der Marke ""Energienetze Cottbus"" auf. TAB-Dokument liegt vermutlich im Downloadcenter (ueber 128 Dokumente, Direktlink nicht automatisiert lokalisierbar) - manuell pruefen: https://www.energienetze-cottbus.de/de/Service/Downloadcenter/"
Stadtwerke Eberswalde GmbH;GmbH;n/a;n/a;Eberswalde;BB;n/a;n/a;https://www.stadtwerke-eberswalde.de/;n/a;n/a;n/a;n/a;2026-09-18;UNSICHER/unvollstaendig: Website blockiert automatisierten Zugriff (HTTP 403 bei jedem Versuch). Es konnte nicht verifiziert werden, ob ein eigener Stromnetzbetrieb (Niederspannung) besteht - manuell pruefen.
Stadtwerke Finsterwalde GmbH;GmbH;Langer Damm 14;03238;Finsterwalde;BB;03531 670-333;n/a;https://www.stadtwerke-finsterwalde.de/;n/a;n/a;n/a;https://www.stadtwerke-finsterwalde.de/;2026-09-18;"Betreibt laut Website ein eigenes ""Netzanschlussportal"" fuer Strom/Ladeeinrichtung/Waermepumpe/PV-Anlage - Existenz eines eigenen Niederspannungsnetzes damit plausibel, TAB-Link nicht automatisiert gefunden."
Stadtwerke Forst GmbH;GmbH;Euloer Straße 90;03149;Forst (Lausitz);BB;03562 950-0;info@stadtwerke-forst.de;https://www.stadtwerke-forst.de/;n/a;n/a;n/a;https://www.stadtwerke-forst.de/;2026-09-18;"UNSICHER: Website zeigt primaer Stromvertrieb/Tarife, kein klarer Beleg fuer eigenen Stromnetzbetrieb (Niederspannung) gefunden. Erwaehnter Stoerungsdienst ""NBB"" bezieht sich vermutlich auf Gasnetz (Netzgesellschaft Berlin-Brandenburg), nicht Strom. Moeglich, dass tatsaechlicher Stromnetzbetreiber ein Dritter (z.B. E.DIS) ist - unbedingt manuell verifizieren."
Stadtwerke Frankfurt (Oder) GmbH;GmbH;Karl-Marx-Straße 195;15230;Frankfurt (Oder);BB;0335 5533-300;service@stadtwerke-ffo.de;https://stadtwerke-ffo.de/;n/a;n/a;n/a;https://www.stadtwerke-ffo.de/;2026-09-18;Kein separater TAB-Niederspannung-Link auf Website gefunden - manuell pruefen.
Städtische Betriebswerke Luckenwalde GmbH;GmbH;Kirchhofsweg 6;14943;Luckenwalde;BB;03371 682-0;info@sbl-gmbh.net;https://www.sbl-gmbh.net/;n/a;n/a;n/a;https://www.sbl-gmbh.net/;2026-09-18;"Nicht in urspruenglicher Startpunkt-Liste, zusaetzlich recherchiert. Firmiert im Alltag als ""Stadtwerke Luckenwalde""; Website bestaetigt eigenen Strom-Netzbetrieb (Netzinformation/Netzanschluss/Netznutzung Strom). TAB-Link nicht automatisiert gefunden."
Energie und Wasser Potsdam GmbH;GmbH;n/a;n/a;Potsdam;BB;n/a;n/a;https://www.ewp.de/;n/a;n/a;n/a;n/a;2026-09-18;UNSICHER/unvollstaendig: Website ewp.de in dieser Sandbox technisch nicht abrufbar (wiederholter Netzwerk-Timeout beim robots.txt-Abruf). Keine der angeforderten Detailinformationen konnte verifiziert werden - dringend manuell nachpruefen.
Stadtwerke Prenzlau GmbH;GmbH;Freyschmidtstraße 20;17291;Prenzlau;BB;03984 853-0;n/a;https://www.stadtwerke-prenzlau.de/;n/a;n/a;n/a;https://www.stadtwerke-prenzlau.de/;2026-09-18;"Nicht in urspruenglicher Startpunkt-Liste, zusaetzlich recherchiert. Website nennt Bereich ""Netzzugang"" Strom, Handelsregister Amtsgericht Neuruppin HRB-2141. TAB-Link nicht automatisiert gefunden."
Stadtwerke Schwedt GmbH;GmbH;Heinersdorfer Damm 55-57;16303;Schwedt/Oder;BB;03332 449-449;gk-energie@stadtwerke-schwedt.de;https://www.stadtwerke-schwedt.de/;n/a;n/a;n/a;https://www.stadtwerke-schwedt.de/ , https://netze.stadtwerke-schwedt.de/;2026-09-18;Nicht in urspruenglicher Startpunkt-Liste, zusaetzlich recherchiert und verifiziert. Eigene Netz-Subdomain (netze.stadtwerke-schwedt.de) vorhanden, TAB-Link dort nicht automatisiert gefunden.
E.DIS Netz GmbH;GmbH;Langewahler Str. 60;15517;Fürstenwalde/Spree;BB, MV;n/a;n/a;https://www.e-dis-netz.de/;https://www.e-dis-netz.de/de/energie-anschliessen/stromnetz/netzanschluss/technische-anschlussbedingungen.html;n/a - Seite gefunden, PDF-Direktlink wegen JavaScript-Rendering nicht automatisiert extrahierbar;https://www.e-dis-netz.de/de/kommunen-partner/installateure/netzanschluss-portal.html;https://www.northdata.de , https://de.wikipedia.org/wiki/E.DIS , e-dis-netz.de Sitemap | https://www.e-dis-netz.de , https://www.northdata.de;2026-09-18;[Zusammengeführt aus 2 Regions-Treffern] E.ON-Konzern (Tochter der E.DIS AG). Größter Flächen-VNB in Brandenburg (rund 36.000 km² von Ostsee bis Spreewald). Handelsregister Amtsgericht Frankfurt/Oder HRB 16068. Website stark JavaScript-basiert, Telefon/E-Mail nicht automatisiert auffindbar - bitte manuell auf Kontaktseite prüfen. || Sitz in Fürstenwalde/Spree (Brandenburg), betreibt Verteilnetz aber auch in weiten Teilen Vorpommerns (Ost-MV). Handelsregister Amtsgericht Frankfurt/Oder HRB 16068. Telefon/E-Mail auf stark JS-basierter Website nicht automatisiert auffindbar - bitte manuell auf Kontaktseite pruefen.
WEMAG Netz GmbH;GmbH;Obotritenring 40;19053;Schwerin;BB, MV;0385 7553 022;kontakt@wemag-netz.de;https://www.wemag-netz.de/;https://www.wemag-netz.de/sites/default/files/2026-04/tab-niederspannung-nord-2023_240515.pdf;TAB NS Nord 2023, Stand 15.05.2024 (Dateiname-Suffix 240515);https://installateurportal.wemag-netz.de/servicecenter-inst-portal-ui/prozesse;https://www.wemag-netz.de , https://de.wikipedia.org/wiki/WEMAG | https://www.wemag-netz.de , https://www.wemag.com/impressum;2026-09-18;[Zusammengeführt aus 2 Regions-Treffern] Unternehmenssitz in Schwerin (Mecklenburg-Vorpommern), Netzgebiet reicht in die West-Prignitz (Brandenburg) hinein - daher Bundesland BB nur fuer den Brandenburg-Teil des Netzgebiets. Gesamtnetzlaenge Gruppe ca. 16.142 km. || Größter Verteilnetzbetreiber in MV (Westmecklenburg), ca. 16.600 km Stromleitungen. Handelsregister Amtsgericht Schwerin HRB 9319. TAB NS Nord ist ein gemeinsamer Standard mehrerer norddeutscher VNB (u.a. auch von Stromnetz Berlin und StWB Brandenburg genutzt).
MITNETZ STROM (Mitteldeutsche Netzgesellschaft Strom mbH);GmbH;Industriestr. 10;06184;Kabelsketal;BB, SN;n/a;n/a;https://www.mitnetz-strom.de/;n/a;n/a;n/a;https://de.wikipedia.org/wiki/Envia_Mitteldeutsche_Energie | https://www.northdata.de/ (Handelsregisterauszug HRB 215080, AG Stendal);2026-09-18;"[Zusammengeführt aus 2 Regions-Treffern] UNSICHER/unvollstaendig: Website mitnetz-strom.de in dieser Sandbox technisch nicht abrufbar (robots.txt-Fehler bei jedem Versuch). Teil der enviaM-Gruppe (E.ON-Konzern), Sitz Halle (Saale) in Sachsen-Anhalt; Netzgebiet reicht in kleinere Teile des sued-lichen Brandenburgs (Raum Elbe-Elster/Lausitz). Genaue Strasse, PLZ, Telefon, Email und TAB-Link konnten nicht verifiziert werden - manuell nachpruefen. || UNSICHER/unvollstaendig: Website mitnetz-strom.de war in dieser Sandbox bei jedem Versuch technisch nicht erreichbar (robots.txt-Fehler/Timeout). Adresse stammt aus Handelsregisterdaten (northdata.de) und wurde NICHT von der Firmenwebsite gegengeprueft. Firmensitz liegt in Sachsen-Anhalt (Kabelsketal bei Halle/Saale), das Unternehmen (enviaM-Konzern) betreibt aber als groesster Flaechen-VNB auch weite Teile Sachsens. Telefon, Email, TAB-Link und Anmeldeportal konnten nicht verifiziert werden - dringend manuell nachrecherchieren."
Stromnetz Berlin GmbH;GmbH;Eichenstraße 3a;12435;Berlin;BE;030 492 02-00;n/a;https://www.stromnetz.berlin/;https://www.stromnetz.berlin/files/globalassets/dokumente/technische-anschlussbedingungen/tab-ns-nord-2023/TAB-NS-Nord-2023-v2_0.pdf;TAB NS Nord 2023, Version 2.0, Stand 15.05.2024;https://kundenportal.stromnetz.berlin;https://www.stromnetz.berlin/ , https://www.stromnetz.berlin/impressum;2026-09-18;Vattenfall-Konzern. TAB NS Nord ist ein gemeinsamer regionaler Standard mehrerer 50Hertz-VNB (auch von WEMAG Netz und StWB Brandenburg genutzt). E-Mail-Adresse auf Website per JavaScript verschleiert, nicht automatisiert auslesbar.
Elektrizitätswerk Wennenmühle Schörger GmbH & Co. KG;GmbH & Co. KG;n/a;n/a;Alerheim;BY;n/a;n/a;n/a;n/a;n/a;n/a;https://www.regulierungskammer-bayern.de/fileadmin/user_upload/regulierungskammer/Dokumente/Zustaendigkeiten/2026-06-08-Regulierungskammer-Netzbetreiberliste-Strom-2026.pdf;2026-09-18;Kleiner/lokaler VNB laut offizieller Netzbetreiberliste der Bayerischen Landesregulierungsbehoerde (Stand 08.06.2026). Adresse/Telefon/Email/Website/TAB-Link im Rahmen dieser Recherche NICHT individuell verifiziert (Zeit- und Suchbudget begrenzt, WebSearch-Kontingent aufgebraucht) - vor Nutzung auf offizieller Quelle bzw. Firmenwebsite pruefen.
Stadtwerke Altdorf GmbH;GmbH;n/a;n/a;Altdorf bei Nürnberg;BY;n/a;n/a;n/a;n/a;n/a;n/a;https://www.regulierungskammer-bayern.de/fileadmin/user_upload/regulierungskammer/Dokumente/Zustaendigkeiten/2026-06-08-Regulierungskammer-Netzbetreiberliste-Strom-2026.pdf;2026-09-18;Kleiner/lokaler VNB laut offizieller Netzbetreiberliste der Bayerischen Landesregulierungsbehoerde (Stand 08.06.2026). Adresse/Telefon/Email/Website/TAB-Link im Rahmen dieser Recherche NICHT individuell verifiziert (Zeit- und Suchbudget begrenzt, WebSearch-Kontingent aufgebraucht) - vor Nutzung auf offizieller Quelle bzw. Firmenwebsite pruefen.
Überlandzentrale Wörth/I.-Altheim Netz Aktiengesellschaft;AG;n/a;n/a;Altheim;BY;n/a;n/a;n/a;n/a;n/a;n/a;https://www.regulierungskammer-bayern.de/fileadmin/user_upload/regulierungskammer/Dokumente/Zustaendigkeiten/2026-06-08-Regulierungskammer-Netzbetreiberliste-Strom-2026.pdf;2026-09-18;Kleiner/lokaler VNB laut offizieller Netzbetreiberliste der Bayerischen Landesregulierungsbehoerde (Stand 08.06.2026). Adresse/Telefon/Email/Website/TAB-Link im Rahmen dieser Recherche NICHT individuell verifiziert (Zeit- und Suchbudget begrenzt, WebSearch-Kontingent aufgebraucht) - vor Nutzung auf offizieller Quelle bzw. Firmenwebsite pruefen.
Energieversorgung Alzenau GmbH;GmbH;n/a;n/a;Alzenau;BY;n/a;n/a;n/a;n/a;n/a;n/a;https://www.regulierungskammer-bayern.de/fileadmin/user_upload/regulierungskammer/Dokumente/Zustaendigkeiten/2026-06-08-Regulierungskammer-Netzbetreiberliste-Strom-2026.pdf;2026-09-18;Kleiner/lokaler VNB laut offizieller Netzbetreiberliste der Bayerischen Landesregulierungsbehoerde (Stand 08.06.2026). Adresse/Telefon/Email/Website/TAB-Link im Rahmen dieser Recherche NICHT individuell verifiziert (Zeit- und Suchbudget begrenzt, WebSearch-Kontingent aufgebraucht) - vor Nutzung auf offizieller Quelle bzw. Firmenwebsite pruefen.
Stadtwerke Amberg Versorgungs GmbH;GmbH;Gasfabrikstraße 16;92224;Amberg;BY;0800 603-5555;poststelle@stadtwerke-amberg.de;https://www.stadtwerke-amberg.de;n/a - Direktlink in dieser Recherche nicht gefunden;n/a;n/a;https://www.stadtwerke-amberg.de/impressum | https://www.stadtwerke-amberg.de/informationen-fuer-bauherren;2026-09-18;"TAB-PDF-Link müsste auf ""informationen-fuer-bauherren""-Seite nachrecherchiert werden."
Brücken-Center Ansbach GmbH;GmbH;n/a;n/a;Ansbach;BY;n/a;n/a;n/a;n/a;n/a;n/a;https://www.regulierungskammer-bayern.de/fileadmin/user_upload/regulierungskammer/Dokumente/Zustaendigkeiten/2026-06-08-Regulierungskammer-Netzbetreiberliste-Strom-2026.pdf;2026-09-18;Eintrag stammt aus Sonderkategorie 'h. Regulierungskammer' der offiziellen Liste - moeglicherweise Betreiber eines geschlossenen Verteilernetzes/Arealnetzes (z.B. Flughafen, Gewerbepark, Einkaufszentrum) statt eines allgemeinen oeffentlichen Niederspannungsnetzes fuer Endkunden, vor Nutzung pruefen. Adresse/Telefon/Email/Website/TAB-Link nicht individuell verifiziert.
Stadtwerke Ansbach GmbH;GmbH;n/a;n/a;Ansbach;BY;n/a;n/a;n/a - vermutlich stadtwerke-ansbach.de, technisch nicht erreichbar (SSL-Zertifikatsfehler);n/a;n/a;n/a;Bayerische Landesregulierungsbehörde - Netzbetreiberliste Strom 2026;2026-09-18;Website-Zugriff in dieser Session technisch fehlgeschlagen (Hostname-Mismatch-Zertifikatsfehler), WebSearch-Kontingent zum Nachrecherchieren aufgebraucht. Bitte manuell nachrecherchieren.
EW-Geiger GmbH;GmbH;n/a;n/a;Arrach;BY;n/a;n/a;n/a;n/a;n/a;n/a;https://www.regulierungskammer-bayern.de/fileadmin/user_upload/regulierungskammer/Dokumente/Zustaendigkeiten/2026-06-08-Regulierungskammer-Netzbetreiberliste-Strom-2026.pdf;2026-09-18;Kleiner/lokaler VNB laut offizieller Netzbetreiberliste der Bayerischen Landesregulierungsbehoerde (Stand 08.06.2026). Adresse/Telefon/Email/Website/TAB-Link im Rahmen dieser Recherche NICHT individuell verifiziert (Zeit- und Suchbudget begrenzt, WebSearch-Kontingent aufgebraucht) - vor Nutzung auf offizieller Quelle bzw. Firmenwebsite pruefen.
Aschaffenburger Versorgungs-GmbH;GmbH;n/a;n/a;Aschaffenburg;BY;n/a;n/a;n/a - vermutlich avg-aschaffenburg.de, in dieser Recherche nicht erreichbar (DNS-Fehler);n/a;n/a;n/a;Bayerische Landesregulierungsbehörde - Netzbetreiberliste Strom 2026;2026-09-18;"Bekannt unter Kürzel ""AVG"", Website-Domain-Vermutung in dieser Session nicht erreichbar, WebSearch-Kontingent aufgebraucht. Bitte manuell nachrecherchieren."
LEW Verteilnetz GmbH;GmbH;Schaezlerstraße 3;86150;Augsburg;BY;+49 821 328-2222;service@lew-verteilnetz.de;https://www.lew-verteilnetz.de;https://www.lew-verteilnetz.de/media/kxdnhir2/tab-niederspannung-2023-v2.pdf;TAB 2023 v2;n/a - nicht verifiziert;https://www.lew-verteilnetz.de/impressum | https://www.lew-verteilnetz.de/stromnetz/netzanschluss/bedingungen-und-preise-fuer-netzanschluss/tab-niederspannung;2026-09-18;Großer Flächen-VNB in Schwaben (Lechwerke-Konzern).
swa Netze GmbH;GmbH;Hoher Weg 1;86152;Augsburg;BY;0821/6500-64000;netze@swa-netze.de;https://www.swa-netze.de;https://www.swa-netze.de/fileadmin/Downloadfiles/Strom/01_Netzanschluss_und_Preise/06_TAB/Technische_Anschlussbedingungen_fuer_den_Anschluss_an_das_Niederspannungsnetz_-_TAB_2023.pdf;TAB 2023;n/a - nicht verifiziert;https://www.swa-netze.de/impressum | WebSearch-Ergebnisse;2026-09-18;"Offizieller Name ist ""swa Netze GmbH"" (Postanschrift Postfach 10 24 40, 86014 Augsburg), NICHT ""Stadtwerke Augsburg Netz GmbH"" wie im Rechercheauftrag als Startpunkt vermutet - hier korrigiert."
Stadtwerke Bad Aibling;n/a;n/a;n/a;Bad Aibling;BY;n/a;n/a;n/a;n/a;n/a;n/a;https://www.regulierungskammer-bayern.de/fileadmin/user_upload/regulierungskammer/Dokumente/Zustaendigkeiten/2026-06-08-Regulierungskammer-Netzbetreiberliste-Strom-2026.pdf;2026-09-18;Kleiner/lokaler VNB laut offizieller Netzbetreiberliste der Bayerischen Landesregulierungsbehoerde (Stand 08.06.2026). Adresse/Telefon/Email/Website/TAB-Link im Rahmen dieser Recherche NICHT individuell verifiziert (Zeit- und Suchbudget begrenzt, WebSearch-Kontingent aufgebraucht) - vor Nutzung auf offizieller Quelle bzw. Firmenwebsite pruefen.
Stadtwerke Bad Brückenau GmbH;GmbH;n/a;n/a;Bad Brückenau;BY;n/a;n/a;n/a;n/a;n/a;n/a;https://www.regulierungskammer-bayern.de/fileadmin/user_upload/regulierungskammer/Dokumente/Zustaendigkeiten/2026-06-08-Regulierungskammer-Netzbetreiberliste-Strom-2026.pdf;2026-09-18;Kleiner/lokaler VNB laut offizieller Netzbetreiberliste der Bayerischen Landesregulierungsbehoerde (Stand 08.06.2026). Adresse/Telefon/Email/Website/TAB-Link im Rahmen dieser Recherche NICHT individuell verifiziert (Zeit- und Suchbudget begrenzt, WebSearch-Kontingent aufgebraucht) - vor Nutzung auf offizieller Quelle bzw. Firmenwebsite pruefen.
Elektrizitätswerk Stern KG;KG;n/a;n/a;Bad Endorf;BY;n/a;n/a;n/a;n/a;n/a;n/a;https://www.regulierungskammer-bayern.de/fileadmin/user_upload/regulierungskammer/Dokumente/Zustaendigkeiten/2026-06-08-Regulierungskammer-Netzbetreiberliste-Strom-2026.pdf;2026-09-18;Kleiner/lokaler VNB laut offizieller Netzbetreiberliste der Bayerischen Landesregulierungsbehoerde (Stand 08.06.2026). Adresse/Telefon/Email/Website/TAB-Link im Rahmen dieser Recherche NICHT individuell verifiziert (Zeit- und Suchbudget begrenzt, WebSearch-Kontingent aufgebraucht) - vor Nutzung auf offizieller Quelle bzw. Firmenwebsite pruefen.
Elektrizitätswerk Hindelang eingetragene Genossenschaft;eG;n/a;n/a;Bad Hindelang;BY;n/a;n/a;n/a;n/a;n/a;n/a;https://www.regulierungskammer-bayern.de/fileadmin/user_upload/regulierungskammer/Dokumente/Zustaendigkeiten/2026-06-08-Regulierungskammer-Netzbetreiberliste-Strom-2026.pdf;2026-09-18;Kleiner/lokaler VNB laut offizieller Netzbetreiberliste der Bayerischen Landesregulierungsbehoerde (Stand 08.06.2026). Adresse/Telefon/Email/Website/TAB-Link im Rahmen dieser Recherche NICHT individuell verifiziert (Zeit- und Suchbudget begrenzt, WebSearch-Kontingent aufgebraucht) - vor Nutzung auf offizieller Quelle bzw. Firmenwebsite pruefen.
Stadtwerke Bad Kissingen GmbH;GmbH;n/a;n/a;Bad Kissingen;BY;n/a;n/a;n/a;n/a;n/a;n/a;https://www.regulierungskammer-bayern.de/fileadmin/user_upload/regulierungskammer/Dokumente/Zustaendigkeiten/2026-06-08-Regulierungskammer-Netzbetreiberliste-Strom-2026.pdf;2026-09-18;Kleiner/lokaler VNB laut offizieller Netzbetreiberliste der Bayerischen Landesregulierungsbehoerde (Stand 08.06.2026). Adresse/Telefon/Email/Website/TAB-Link im Rahmen dieser Recherche NICHT individuell verifiziert (Zeit- und Suchbudget begrenzt, WebSearch-Kontingent aufgebraucht) - vor Nutzung auf offizieller Quelle bzw. Firmenwebsite pruefen.
Stadtwerke Bad Neustadt a.d. Saale;n/a;n/a;n/a;Bad Neustadt a. d. Saale;BY;n/a;n/a;n/a;n/a;n/a;n/a;https://www.regulierungskammer-bayern.de/fileadmin/user_upload/regulierungskammer/Dokumente/Zustaendigkeiten/2026-06-08-Regulierungskammer-Netzbetreiberliste-Strom-2026.pdf;2026-09-18;Kleiner/lokaler VNB laut offizieller Netzbetreiberliste der Bayerischen Landesregulierungsbehoerde (Stand 08.06.2026). Adresse/Telefon/Email/Website/TAB-Link im Rahmen dieser Recherche NICHT individuell verifiziert (Zeit- und Suchbudget begrenzt, WebSearch-Kontingent aufgebraucht) - vor Nutzung auf offizieller Quelle bzw. Firmenwebsite pruefen.
Elektrizitätsgenossenschaft Karlstein eG;eG;n/a;n/a;Bad Reichenhall;BY;n/a;n/a;n/a;n/a;n/a;n/a;https://www.regulierungskammer-bayern.de/fileadmin/user_upload/regulierungskammer/Dokumente/Zustaendigkeiten/2026-06-08-Regulierungskammer-Netzbetreiberliste-Strom-2026.pdf;2026-09-18;Kleiner/lokaler VNB laut offizieller Netzbetreiberliste der Bayerischen Landesregulierungsbehoerde (Stand 08.06.2026). Adresse/Telefon/Email/Website/TAB-Link im Rahmen dieser Recherche NICHT individuell verifiziert (Zeit- und Suchbudget begrenzt, WebSearch-Kontingent aufgebraucht) - vor Nutzung auf offizieller Quelle bzw. Firmenwebsite pruefen.
Gemeindewerke Bayerisch Gmain;n/a;n/a;n/a;Bad Reichenhall;BY;n/a;n/a;n/a;n/a;n/a;n/a;https://www.regulierungskammer-bayern.de/fileadmin/user_upload/regulierungskammer/Dokumente/Zustaendigkeiten/2026-06-08-Regulierungskammer-Netzbetreiberliste-Strom-2026.pdf;2026-09-18;Kleiner/lokaler VNB laut offizieller Netzbetreiberliste der Bayerischen Landesregulierungsbehoerde (Stand 08.06.2026). Adresse/Telefon/Email/Website/TAB-Link im Rahmen dieser Recherche NICHT individuell verifiziert (Zeit- und Suchbudget begrenzt, WebSearch-Kontingent aufgebraucht) - vor Nutzung auf offizieller Quelle bzw. Firmenwebsite pruefen.
Stadtwerke Bad Reichenhall KU;Kommunalunternehmen (KU);n/a;n/a;Bad Reichenhall;BY;n/a;n/a;n/a;n/a;n/a;n/a;https://www.regulierungskammer-bayern.de/fileadmin/user_upload/regulierungskammer/Dokumente/Zustaendigkeiten/2026-06-08-Regulierungskammer-Netzbetreiberliste-Strom-2026.pdf;2026-09-18;Kleiner/lokaler VNB laut offizieller Netzbetreiberliste der Bayerischen Landesregulierungsbehoerde (Stand 08.06.2026). Adresse/Telefon/Email/Website/TAB-Link im Rahmen dieser Recherche NICHT individuell verifiziert (Zeit- und Suchbudget begrenzt, WebSearch-Kontingent aufgebraucht) - vor Nutzung auf offizieller Quelle bzw. Firmenwebsite pruefen.
Stadtwerke Bad Rodach;n/a;n/a;n/a;Bad Rodach;BY;n/a;n/a;n/a;n/a;n/a;n/a;https://www.regulierungskammer-bayern.de/fileadmin/user_upload/regulierungskammer/Dokumente/Zustaendigkeiten/2026-06-08-Regulierungskammer-Netzbetreiberliste-Strom-2026.pdf;2026-09-18;Kleiner/lokaler VNB laut offizieller Netzbetreiberliste der Bayerischen Landesregulierungsbehoerde (Stand 08.06.2026). Adresse/Telefon/Email/Website/TAB-Link im Rahmen dieser Recherche NICHT individuell verifiziert (Zeit- und Suchbudget begrenzt, WebSearch-Kontingent aufgebraucht) - vor Nutzung auf offizieller Quelle bzw. Firmenwebsite pruefen.
Stadtwerke Bad Tölz GmbH;GmbH;n/a;n/a;Bad Tölz;BY;n/a;n/a;n/a;n/a;n/a;n/a;https://www.regulierungskammer-bayern.de/fileadmin/user_upload/regulierungskammer/Dokumente/Zustaendigkeiten/2026-06-08-Regulierungskammer-Netzbetreiberliste-Strom-2026.pdf;2026-09-18;Kleiner/lokaler VNB laut offizieller Netzbetreiberliste der Bayerischen Landesregulierungsbehoerde (Stand 08.06.2026). Adresse/Telefon/Email/Website/TAB-Link im Rahmen dieser Recherche NICHT individuell verifiziert (Zeit- und Suchbudget begrenzt, WebSearch-Kontingent aufgebraucht) - vor Nutzung auf offizieller Quelle bzw. Firmenwebsite pruefen.
Stadtwerke Bad Windsheim;n/a;n/a;n/a;Bad Windsheim;BY;n/a;n/a;n/a;n/a;n/a;n/a;https://www.regulierungskammer-bayern.de/fileadmin/user_upload/regulierungskammer/Dokumente/Zustaendigkeiten/2026-06-08-Regulierungskammer-Netzbetreiberliste-Strom-2026.pdf;2026-09-18;Kleiner/lokaler VNB laut offizieller Netzbetreiberliste der Bayerischen Landesregulierungsbehoerde (Stand 08.06.2026). Adresse/Telefon/Email/Website/TAB-Link im Rahmen dieser Recherche NICHT individuell verifiziert (Zeit- und Suchbudget begrenzt, WebSearch-Kontingent aufgebraucht) - vor Nutzung auf offizieller Quelle bzw. Firmenwebsite pruefen.
Stadtwerke Bad Wörishofen;n/a;n/a;n/a;Bad Wörishofen;BY;n/a;n/a;n/a;n/a;n/a;n/a;https://www.regulierungskammer-bayern.de/fileadmin/user_upload/regulierungskammer/Dokumente/Zustaendigkeiten/2026-06-08-Regulierungskammer-Netzbetreiberliste-Strom-2026.pdf;2026-09-18;Kleiner/lokaler VNB laut offizieller Netzbetreiberliste der Bayerischen Landesregulierungsbehoerde (Stand 08.06.2026). Adresse/Telefon/Email/Website/TAB-Link im Rahmen dieser Recherche NICHT individuell verifiziert (Zeit- und Suchbudget begrenzt, WebSearch-Kontingent aufgebraucht) - vor Nutzung auf offizieller Quelle bzw. Firmenwebsite pruefen.
Obermaier und Gerg Grundstücksverwaltung KG;KG;n/a;n/a;Baiern-Piusheim;BY;n/a;n/a;n/a;n/a;n/a;n/a;https://www.regulierungskammer-bayern.de/fileadmin/user_upload/regulierungskammer/Dokumente/Zustaendigkeiten/2026-06-08-Regulierungskammer-Netzbetreiberliste-Strom-2026.pdf;2026-09-18;Kleiner/lokaler VNB laut offizieller Netzbetreiberliste der Bayerischen Landesregulierungsbehoerde (Stand 08.06.2026). Adresse/Telefon/Email/Website/TAB-Link im Rahmen dieser Recherche NICHT individuell verifiziert (Zeit- und Suchbudget begrenzt, WebSearch-Kontingent aufgebraucht) - vor Nutzung auf offizieller Quelle bzw. Firmenwebsite pruefen.
Stadtwerke Baiersdorf Kommunalunternehmen Anstalt des öffentlichen Rechts;AöR;n/a;n/a;Baiersdorf;BY;n/a;n/a;n/a;n/a;n/a;n/a;https://www.regulierungskammer-bayern.de/fileadmin/user_upload/regulierungskammer/Dokumente/Zustaendigkeiten/2026-06-08-Regulierungskammer-Netzbetreiberliste-Strom-2026.pdf;2026-09-18;Kleiner/lokaler VNB laut offizieller Netzbetreiberliste der Bayerischen Landesregulierungsbehoerde (Stand 08.06.2026). Adresse/Telefon/Email/Website/TAB-Link im Rahmen dieser Recherche NICHT individuell verifiziert (Zeit- und Suchbudget begrenzt, WebSearch-Kontingent aufgebraucht) - vor Nutzung auf offizieller Quelle bzw. Firmenwebsite pruefen.
STWB Stadtwerke Bamberg GmbH;GmbH;Margaretendamm 28;96052;Bamberg;BY;0951 77-0;info@stadtwerke-bamberg.de;https://www.stadtwerke-bamberg.de;https://www.stadtwerke-bamberg.de/fileadmin/user_upload/Dokumente/Netze/Stromnetz/Netzanschluss/VBEW_Hinweise_zur_TAB_2023.pdf;Ausgabe 07.2023 (VBEW-Hinweise zur TAB 2023 - ERGÄNZENDES Hinweisdokument, nicht die volle TAB selbst);n/a - nicht verifiziert;https://www.stadtwerke-bamberg.de/impressum | https://www.stadtwerke-bamberg.de/hausanschluss/downloads-hausanschluss-1;2026-09-18;"Namensabweichung: offizielle Netzbetreiberliste nennt ""Stadtwerke Bamberg Energie- und Wasserversorgungs GmbH"", Website-Impressum nennt ""STWB Stadtwerke Bamberg GmbH"" - vermutlich Kurzname, vor Verwendung prüfen. Verlinktes TAB-Dokument ist nur ein Hinweispapier, nicht die volle TAB - bitte auf downloads-hausanschluss-1-Seite die eigentliche TAB-PDF suchen."
Stadtwerke Bayreuth Holding GmbH;GmbH;Birkenstraße 2;95447;Bayreuth;BY;0921 600-0;info@stadtwerke-bayreuth.de;https://www.stadtwerke-bayreuth.de;https://www.stadtwerke-bayreuth.de/fileadmin/user_upload/netz/Installateure/tab-niederspannung.pdf;Ergänzungen zum BDEW-Bundesmusterwortlaut TAB 2023 v2.0 (genaues Datum nicht extrahiert);n/a - nicht verifiziert;https://www.stadtwerke-bayreuth.de/impressum | WebSearch-Ergebnisse;2026-09-18;"Namensabweichung: Website-Impressum nennt ""Stadtwerke Bayreuth Holding GmbH"", offizielle Netzbetreiberliste nennt separate Gesellschaft ""Stadtwerke Bayreuth Energie und Wasser GmbH"" - vermutlich Holding vs. operative Tochter, vor Verwendung prüfen."
Stadtwerke Bogen GmbH;GmbH;n/a;n/a;Bogen;BY;n/a;n/a;n/a;n/a;n/a;n/a;https://www.regulierungskammer-bayern.de/fileadmin/user_upload/regulierungskammer/Dokumente/Zustaendigkeiten/2026-06-08-Regulierungskammer-Netzbetreiberliste-Strom-2026.pdf;2026-09-18;Kleiner/lokaler VNB laut offizieller Netzbetreiberliste der Bayerischen Landesregulierungsbehoerde (Stand 08.06.2026). Adresse/Telefon/Email/Website/TAB-Link im Rahmen dieser Recherche NICHT individuell verifiziert (Zeit- und Suchbudget begrenzt, WebSearch-Kontingent aufgebraucht) - vor Nutzung auf offizieller Quelle bzw. Firmenwebsite pruefen.
Wendelsteinbahn Verteilnetz GmbH;GmbH;n/a;n/a;Brannenburg;BY;n/a;n/a;n/a;n/a;n/a;n/a;https://www.regulierungskammer-bayern.de/fileadmin/user_upload/regulierungskammer/Dokumente/Zustaendigkeiten/2026-06-08-Regulierungskammer-Netzbetreiberliste-Strom-2026.pdf;2026-09-18;Kleiner/lokaler VNB laut offizieller Netzbetreiberliste der Bayerischen Landesregulierungsbehoerde (Stand 08.06.2026). Adresse/Telefon/Email/Website/TAB-Link im Rahmen dieser Recherche NICHT individuell verifiziert (Zeit- und Suchbudget begrenzt, WebSearch-Kontingent aufgebraucht) - vor Nutzung auf offizieller Quelle bzw. Firmenwebsite pruefen.
Bauer Netz GmbH & Co. KG;GmbH & Co. KG;n/a;n/a;Buchbach;BY;n/a;n/a;n/a;n/a;n/a;n/a;https://www.regulierungskammer-bayern.de/fileadmin/user_upload/regulierungskammer/Dokumente/Zustaendigkeiten/2026-06-08-Regulierungskammer-Netzbetreiberliste-Strom-2026.pdf;2026-09-18;Kleiner/lokaler VNB laut offizieller Netzbetreiberliste der Bayerischen Landesregulierungsbehoerde (Stand 08.06.2026). Adresse/Telefon/Email/Website/TAB-Link im Rahmen dieser Recherche NICHT individuell verifiziert (Zeit- und Suchbudget begrenzt, WebSearch-Kontingent aufgebraucht) - vor Nutzung auf offizieller Quelle bzw. Firmenwebsite pruefen.
Stadt Burgbernheim;Kommune (Gebietskörperschaft);n/a;n/a;Burgbernheim;BY;n/a;n/a;n/a;n/a;n/a;n/a;https://www.regulierungskammer-bayern.de/fileadmin/user_upload/regulierungskammer/Dokumente/Zustaendigkeiten/2026-06-08-Regulierungskammer-Netzbetreiberliste-Strom-2026.pdf;2026-09-18;Kleiner/lokaler VNB laut offizieller Netzbetreiberliste der Bayerischen Landesregulierungsbehoerde (Stand 08.06.2026). Adresse/Telefon/Email/Website/TAB-Link im Rahmen dieser Recherche NICHT individuell verifiziert (Zeit- und Suchbudget begrenzt, WebSearch-Kontingent aufgebraucht) - vor Nutzung auf offizieller Quelle bzw. Firmenwebsite pruefen.
InfraServ Gendorf Netze GmbH;GmbH;n/a;n/a;Burgkirchen a. d. Alz;BY;n/a;n/a;n/a;n/a;n/a;n/a;https://www.regulierungskammer-bayern.de/fileadmin/user_upload/regulierungskammer/Dokumente/Zustaendigkeiten/2026-06-08-Regulierungskammer-Netzbetreiberliste-Strom-2026.pdf;2026-09-18;Kleiner/lokaler VNB laut offizieller Netzbetreiberliste der Bayerischen Landesregulierungsbehoerde (Stand 08.06.2026). Adresse/Telefon/Email/Website/TAB-Link im Rahmen dieser Recherche NICHT individuell verifiziert (Zeit- und Suchbudget begrenzt, WebSearch-Kontingent aufgebraucht) - vor Nutzung auf offizieller Quelle bzw. Firmenwebsite pruefen.
Gemeinde-Elektrizitäts- und Wasserwerk Burtenbach;Kommune (Gebietskörperschaft);n/a;n/a;Burtenbach;BY;n/a;n/a;n/a;n/a;n/a;n/a;https://www.regulierungskammer-bayern.de/fileadmin/user_upload/regulierungskammer/Dokumente/Zustaendigkeiten/2026-06-08-Regulierungskammer-Netzbetreiberliste-Strom-2026.pdf;2026-09-18;Kleiner/lokaler VNB laut offizieller Netzbetreiberliste der Bayerischen Landesregulierungsbehoerde (Stand 08.06.2026). Adresse/Telefon/Email/Website/TAB-Link im Rahmen dieser Recherche NICHT individuell verifiziert (Zeit- und Suchbudget begrenzt, WebSearch-Kontingent aufgebraucht) - vor Nutzung auf offizieller Quelle bzw. Firmenwebsite pruefen.
Elektrizitätsvereinigung Böbing eingetragene Genossenschaft (EVB eG);eG;n/a;n/a;Böbing b. Schongau;BY;n/a;n/a;n/a;n/a;n/a;n/a;https://www.regulierungskammer-bayern.de/fileadmin/user_upload/regulierungskammer/Dokumente/Zustaendigkeiten/2026-06-08-Regulierungskammer-Netzbetreiberliste-Strom-2026.pdf;2026-09-18;Kleiner/lokaler VNB laut offizieller Netzbetreiberliste der Bayerischen Landesregulierungsbehoerde (Stand 08.06.2026). Adresse/Telefon/Email/Website/TAB-Link im Rahmen dieser Recherche NICHT individuell verifiziert (Zeit- und Suchbudget begrenzt, WebSearch-Kontingent aufgebraucht) - vor Nutzung auf offizieller Quelle bzw. Firmenwebsite pruefen.
Gemeindewerke Cadolzburg;n/a;n/a;n/a;Cadolzburg;BY;n/a;n/a;n/a;n/a;n/a;n/a;https://www.regulierungskammer-bayern.de/fileadmin/user_upload/regulierungskammer/Dokumente/Zustaendigkeiten/2026-06-08-Regulierungskammer-Netzbetreiberliste-Strom-2026.pdf;2026-09-18;Kleiner/lokaler VNB laut offizieller Netzbetreiberliste der Bayerischen Landesregulierungsbehoerde (Stand 08.06.2026). Adresse/Telefon/Email/Website/TAB-Link im Rahmen dieser Recherche NICHT individuell verifiziert (Zeit- und Suchbudget begrenzt, WebSearch-Kontingent aufgebraucht) - vor Nutzung auf offizieller Quelle bzw. Firmenwebsite pruefen.
Stadtwerke Cham GmbH;GmbH;Further Straße 4;93413;Cham;BY;09971-85070;info@stadtwerke-cham.de;https://www.stadtwerke-cham.de;n/a - Netzanschlussportal vorhanden, Direktlink nicht extrahiert;n/a;Netzanschlussportal - https://www.stadtwerke-cham.de/fuer-unsere-partner/netzanschlussportal/;https://www.stadtwerke-cham.de/impressum/;2026-09-18;-
Städtische Werke Überlandwerke Coburg GmbH (SÜC-Konzern,  operative Netzgesellschaft: SÜC Energie und H2O GmbH);GmbH;Bamberger Straße 2-6;96450;Coburg;BY;09561 749-1111 (allgemein) / 09561 749-0;netze@suec.de;https://www.suec-netze.de;https://www.suec.de/coburgGips/SUEC/suec-netze.de/Strom/Installateure/Installateure/TAB-NS-Bundesmusterwortlaut-BDEW-2026.pdf;"Dateiname deutet auf ""2026"" hin, Anzeigename referenziert ""TAB 2023 v2"" - Diskrepanz, bitte auf Website prüfen";n/a - nicht verifiziert;https://www.suec-netze.de/de/Footernavigation/Impressum/ | https://www.suec.de/de/Service/Downloads/;2026-09-18;"Konzernstruktur uneinheitlich in Quellen: Regulierungskammer-Liste nennt ""Städtische Werke Überlandwerke Coburg GmbH"" als Netzbetreiber, Firmenwebsite nennt ""SÜC Energie und H2O GmbH"" als operative Netzgesellschaft (netze@suec.de) - beide Namen ggf. relevant."
Stadtwerke Dachau;Eigenbetrieb der Großen Kreisstadt Dachau (Art. 88 BayGO);Brunngartenstraße 3;85221;Dachau;BY;+49 8131 7009-0;info@stadtwerke-dachau.de;https://www.stadtwerke-dachau.de;n/a - nicht gefunden;n/a;n/a;https://www.stadtwerke-dachau.de/impressum;2026-09-18;"Stromnetz-Bereich unter ""service-beratung/netzdienste-anschluesse/stromnetz""."
STADTWERKE DEGGENDORF GmbH;GmbH;Graflinger Straße 36;94469;Deggendorf;BY;0991 3108-0 (Notfall Strom/Wasser: 0991 3108-100);info@stadtwerke-deggendorf.de;https://www.stadtwerke-deggendorf.de;n/a - nicht direkt gefunden;n/a;n/a;https://www.stadtwerke-deggendorf.de/impressum | https://www.stadtwerke-deggendorf.de/netze/stromnetz;2026-09-18;-
EnBW Mainfrankenpark GmbH;GmbH;n/a;n/a;Dettelbach;BY;n/a;n/a;n/a;n/a;n/a;n/a;https://www.regulierungskammer-bayern.de/fileadmin/user_upload/regulierungskammer/Dokumente/Zustaendigkeiten/2026-06-08-Regulierungskammer-Netzbetreiberliste-Strom-2026.pdf;2026-09-18;Eintrag stammt aus Sonderkategorie 'h. Regulierungskammer' der offiziellen Liste - moeglicherweise Betreiber eines geschlossenen Verteilernetzes/Arealnetzes (z.B. Flughafen, Gewerbepark, Einkaufszentrum) statt eines allgemeinen oeffentlichen Niederspannungsnetzes fuer Endkunden, vor Nutzung pruefen. Adresse/Telefon/Email/Website/TAB-Link nicht individuell verifiziert.
Stadt Dettelbach;Kommune (Gebietskörperschaft);n/a;n/a;Dettelbach;BY;n/a;n/a;n/a;n/a;n/a;n/a;https://www.regulierungskammer-bayern.de/fileadmin/user_upload/regulierungskammer/Dokumente/Zustaendigkeiten/2026-06-08-Regulierungskammer-Netzbetreiberliste-Strom-2026.pdf;2026-09-18;Kleiner/lokaler VNB laut offizieller Netzbetreiberliste der Bayerischen Landesregulierungsbehoerde (Stand 08.06.2026). Adresse/Telefon/Email/Website/TAB-Link im Rahmen dieser Recherche NICHT individuell verifiziert (Zeit- und Suchbudget begrenzt, WebSearch-Kontingent aufgebraucht) - vor Nutzung auf offizieller Quelle bzw. Firmenwebsite pruefen.
Elektrizitätswerk Diessen Stadler GmbH;GmbH;n/a;n/a;Dießen a. Ammersee;BY;n/a;n/a;n/a;n/a;n/a;n/a;https://www.regulierungskammer-bayern.de/fileadmin/user_upload/regulierungskammer/Dokumente/Zustaendigkeiten/2026-06-08-Regulierungskammer-Netzbetreiberliste-Strom-2026.pdf;2026-09-18;Kleiner/lokaler VNB laut offizieller Netzbetreiberliste der Bayerischen Landesregulierungsbehoerde (Stand 08.06.2026). Adresse/Telefon/Email/Website/TAB-Link im Rahmen dieser Recherche NICHT individuell verifiziert (Zeit- und Suchbudget begrenzt, WebSearch-Kontingent aufgebraucht) - vor Nutzung auf offizieller Quelle bzw. Firmenwebsite pruefen.
Donau-Stadtwerke Dillingen-Lauingen;n/a;n/a;n/a;Dillingen a.d.Donau;BY;n/a;n/a;n/a;n/a;n/a;n/a;https://www.regulierungskammer-bayern.de/fileadmin/user_upload/regulierungskammer/Dokumente/Zustaendigkeiten/2026-06-08-Regulierungskammer-Netzbetreiberliste-Strom-2026.pdf;2026-09-18;Kleiner/lokaler VNB laut offizieller Netzbetreiberliste der Bayerischen Landesregulierungsbehoerde (Stand 08.06.2026). Adresse/Telefon/Email/Website/TAB-Link im Rahmen dieser Recherche NICHT individuell verifiziert (Zeit- und Suchbudget begrenzt, WebSearch-Kontingent aufgebraucht) - vor Nutzung auf offizieller Quelle bzw. Firmenwebsite pruefen.
Stadtwerke Dingolfing GmbH;GmbH;n/a;n/a;Dingolfing;BY;n/a;n/a;n/a;n/a;n/a;n/a;https://www.regulierungskammer-bayern.de/fileadmin/user_upload/regulierungskammer/Dokumente/Zustaendigkeiten/2026-06-08-Regulierungskammer-Netzbetreiberliste-Strom-2026.pdf;2026-09-18;Kleiner/lokaler VNB laut offizieller Netzbetreiberliste der Bayerischen Landesregulierungsbehoerde (Stand 08.06.2026). Adresse/Telefon/Email/Website/TAB-Link im Rahmen dieser Recherche NICHT individuell verifiziert (Zeit- und Suchbudget begrenzt, WebSearch-Kontingent aufgebraucht) - vor Nutzung auf offizieller Quelle bzw. Firmenwebsite pruefen.
Stadtwerke Dinkelsbühl;n/a;n/a;n/a;Dinkelsbühl;BY;n/a;n/a;n/a;n/a;n/a;n/a;https://www.regulierungskammer-bayern.de/fileadmin/user_upload/regulierungskammer/Dokumente/Zustaendigkeiten/2026-06-08-Regulierungskammer-Netzbetreiberliste-Strom-2026.pdf;2026-09-18;Kleiner/lokaler VNB laut offizieller Netzbetreiberliste der Bayerischen Landesregulierungsbehoerde (Stand 08.06.2026). Adresse/Telefon/Email/Website/TAB-Link im Rahmen dieser Recherche NICHT individuell verifiziert (Zeit- und Suchbudget begrenzt, WebSearch-Kontingent aufgebraucht) - vor Nutzung auf offizieller Quelle bzw. Firmenwebsite pruefen.
Stadtwerke Dorfen GmbH;GmbH;n/a;n/a;Dorfen;BY;n/a;n/a;n/a;n/a;n/a;n/a;https://www.regulierungskammer-bayern.de/fileadmin/user_upload/regulierungskammer/Dokumente/Zustaendigkeiten/2026-06-08-Regulierungskammer-Netzbetreiberliste-Strom-2026.pdf;2026-09-18;Kleiner/lokaler VNB laut offizieller Netzbetreiberliste der Bayerischen Landesregulierungsbehoerde (Stand 08.06.2026). Adresse/Telefon/Email/Website/TAB-Link im Rahmen dieser Recherche NICHT individuell verifiziert (Zeit- und Suchbudget begrenzt, WebSearch-Kontingent aufgebraucht) - vor Nutzung auf offizieller Quelle bzw. Firmenwebsite pruefen.
Westenthanner Energieversorgung GmbH;GmbH;n/a;n/a;Dorfen;BY;n/a;n/a;n/a;n/a;n/a;n/a;https://www.regulierungskammer-bayern.de/fileadmin/user_upload/regulierungskammer/Dokumente/Zustaendigkeiten/2026-06-08-Regulierungskammer-Netzbetreiberliste-Strom-2026.pdf;2026-09-18;Kleiner/lokaler VNB laut offizieller Netzbetreiberliste der Bayerischen Landesregulierungsbehoerde (Stand 08.06.2026). Adresse/Telefon/Email/Website/TAB-Link im Rahmen dieser Recherche NICHT individuell verifiziert (Zeit- und Suchbudget begrenzt, WebSearch-Kontingent aufgebraucht) - vor Nutzung auf offizieller Quelle bzw. Firmenwebsite pruefen.
Stadtwerke Ebermannstadt Versorgungsbetriebe GmbH;GmbH;n/a;n/a;Ebermannstadt;BY;n/a;n/a;n/a;n/a;n/a;n/a;https://www.regulierungskammer-bayern.de/fileadmin/user_upload/regulierungskammer/Dokumente/Zustaendigkeiten/2026-06-08-Regulierungskammer-Netzbetreiberliste-Strom-2026.pdf;2026-09-18;Kleiner/lokaler VNB laut offizieller Netzbetreiberliste der Bayerischen Landesregulierungsbehoerde (Stand 08.06.2026). Adresse/Telefon/Email/Website/TAB-Link im Rahmen dieser Recherche NICHT individuell verifiziert (Zeit- und Suchbudget begrenzt, WebSearch-Kontingent aufgebraucht) - vor Nutzung auf offizieller Quelle bzw. Firmenwebsite pruefen.
Gemeindewerke Ebersdorf;n/a;n/a;n/a;Ebersdorf;BY;n/a;n/a;n/a;n/a;n/a;n/a;https://www.regulierungskammer-bayern.de/fileadmin/user_upload/regulierungskammer/Dokumente/Zustaendigkeiten/2026-06-08-Regulierungskammer-Netzbetreiberliste-Strom-2026.pdf;2026-09-18;Kleiner/lokaler VNB laut offizieller Netzbetreiberliste der Bayerischen Landesregulierungsbehoerde (Stand 08.06.2026). Adresse/Telefon/Email/Website/TAB-Link im Rahmen dieser Recherche NICHT individuell verifiziert (Zeit- und Suchbudget begrenzt, WebSearch-Kontingent aufgebraucht) - vor Nutzung auf offizieller Quelle bzw. Firmenwebsite pruefen.
FischerStrom GmbH & Co. KG;GmbH & Co. KG;n/a;n/a;Edling;BY;n/a;n/a;n/a;n/a;n/a;n/a;https://www.regulierungskammer-bayern.de/fileadmin/user_upload/regulierungskammer/Dokumente/Zustaendigkeiten/2026-06-08-Regulierungskammer-Netzbetreiberliste-Strom-2026.pdf;2026-09-18;Kleiner/lokaler VNB laut offizieller Netzbetreiberliste der Bayerischen Landesregulierungsbehoerde (Stand 08.06.2026). Adresse/Telefon/Email/Website/TAB-Link im Rahmen dieser Recherche NICHT individuell verifiziert (Zeit- und Suchbudget begrenzt, WebSearch-Kontingent aufgebraucht) - vor Nutzung auf offizieller Quelle bzw. Firmenwebsite pruefen.
Elektra-Genossenschaft Effeltrich eG;eG;n/a;n/a;Effeltrich;BY;n/a;n/a;n/a;n/a;n/a;n/a;https://www.regulierungskammer-bayern.de/fileadmin/user_upload/regulierungskammer/Dokumente/Zustaendigkeiten/2026-06-08-Regulierungskammer-Netzbetreiberliste-Strom-2026.pdf;2026-09-18;Kleiner/lokaler VNB laut offizieller Netzbetreiberliste der Bayerischen Landesregulierungsbehoerde (Stand 08.06.2026). Adresse/Telefon/Email/Website/TAB-Link im Rahmen dieser Recherche NICHT individuell verifiziert (Zeit- und Suchbudget begrenzt, WebSearch-Kontingent aufgebraucht) - vor Nutzung auf offizieller Quelle bzw. Firmenwebsite pruefen.
Markt Egloffstein;Kommune (Gebietskörperschaft);n/a;n/a;Egloffstein;BY;n/a;n/a;n/a;n/a;n/a;n/a;https://www.regulierungskammer-bayern.de/fileadmin/user_upload/regulierungskammer/Dokumente/Zustaendigkeiten/2026-06-08-Regulierungskammer-Netzbetreiberliste-Strom-2026.pdf;2026-09-18;Kleiner/lokaler VNB laut offizieller Netzbetreiberliste der Bayerischen Landesregulierungsbehoerde (Stand 08.06.2026). Adresse/Telefon/Email/Website/TAB-Link im Rahmen dieser Recherche NICHT individuell verifiziert (Zeit- und Suchbudget begrenzt, WebSearch-Kontingent aufgebraucht) - vor Nutzung auf offizieller Quelle bzw. Firmenwebsite pruefen.
KommEnergie GmbH;GmbH;n/a;n/a;Eichenau;BY;n/a;n/a;n/a;n/a;n/a;n/a;https://www.regulierungskammer-bayern.de/fileadmin/user_upload/regulierungskammer/Dokumente/Zustaendigkeiten/2026-06-08-Regulierungskammer-Netzbetreiberliste-Strom-2026.pdf;2026-09-18;Kleiner/lokaler VNB laut offizieller Netzbetreiberliste der Bayerischen Landesregulierungsbehoerde (Stand 08.06.2026). Adresse/Telefon/Email/Website/TAB-Link im Rahmen dieser Recherche NICHT individuell verifiziert (Zeit- und Suchbudget begrenzt, WebSearch-Kontingent aufgebraucht) - vor Nutzung auf offizieller Quelle bzw. Firmenwebsite pruefen.
STADTWERKE EICHSTÄTT Versorgungs-GmbH;GmbH;n/a;n/a;Eichstätt;BY;n/a;n/a;n/a;n/a;n/a;n/a;https://www.regulierungskammer-bayern.de/fileadmin/user_upload/regulierungskammer/Dokumente/Zustaendigkeiten/2026-06-08-Regulierungskammer-Netzbetreiberliste-Strom-2026.pdf;2026-09-18;Kleiner/lokaler VNB laut offizieller Netzbetreiberliste der Bayerischen Landesregulierungsbehoerde (Stand 08.06.2026). Adresse/Telefon/Email/Website/TAB-Link im Rahmen dieser Recherche NICHT individuell verifiziert (Zeit- und Suchbudget begrenzt, WebSearch-Kontingent aufgebraucht) - vor Nutzung auf offizieller Quelle bzw. Firmenwebsite pruefen.
Elektrizitätsgenossenschaft Engelsberg eG;eG;n/a;n/a;Engelsberg;BY;n/a;n/a;n/a;n/a;n/a;n/a;https://www.regulierungskammer-bayern.de/fileadmin/user_upload/regulierungskammer/Dokumente/Zustaendigkeiten/2026-06-08-Regulierungskammer-Netzbetreiberliste-Strom-2026.pdf;2026-09-18;Kleiner/lokaler VNB laut offizieller Netzbetreiberliste der Bayerischen Landesregulierungsbehoerde (Stand 08.06.2026). Adresse/Telefon/Email/Website/TAB-Link im Rahmen dieser Recherche NICHT individuell verifiziert (Zeit- und Suchbudget begrenzt, WebSearch-Kontingent aufgebraucht) - vor Nutzung auf offizieller Quelle bzw. Firmenwebsite pruefen.
SEW Stromversorgungs GmbH;GmbH;n/a;n/a;Erding;BY;n/a;n/a;n/a;n/a;n/a;n/a;https://www.regulierungskammer-bayern.de/fileadmin/user_upload/regulierungskammer/Dokumente/Zustaendigkeiten/2026-06-08-Regulierungskammer-Netzbetreiberliste-Strom-2026.pdf;2026-09-18;Kleiner/lokaler VNB laut offizieller Netzbetreiberliste der Bayerischen Landesregulierungsbehoerde (Stand 08.06.2026). Adresse/Telefon/Email/Website/TAB-Link im Rahmen dieser Recherche NICHT individuell verifiziert (Zeit- und Suchbudget begrenzt, WebSearch-Kontingent aufgebraucht) - vor Nutzung auf offizieller Quelle bzw. Firmenwebsite pruefen.
Stromnetz Erdinger und Freisinger Land GmbH & Co. KG;GmbH & Co. KG;n/a;n/a;Erding;BY;n/a;n/a;n/a;n/a;n/a;n/a;https://www.regulierungskammer-bayern.de/fileadmin/user_upload/regulierungskammer/Dokumente/Zustaendigkeiten/2026-06-08-Regulierungskammer-Netzbetreiberliste-Strom-2026.pdf;2026-09-18;Kleiner/lokaler VNB laut offizieller Netzbetreiberliste der Bayerischen Landesregulierungsbehoerde (Stand 08.06.2026). Adresse/Telefon/Email/Website/TAB-Link im Rahmen dieser Recherche NICHT individuell verifiziert (Zeit- und Suchbudget begrenzt, WebSearch-Kontingent aufgebraucht) - vor Nutzung auf offizieller Quelle bzw. Firmenwebsite pruefen.
Überlandwerk Erding GmbH & Co. KG;GmbH & Co. KG;n/a;n/a;Erding;BY;n/a;n/a;n/a;n/a;n/a;n/a;https://www.regulierungskammer-bayern.de/fileadmin/user_upload/regulierungskammer/Dokumente/Zustaendigkeiten/2026-06-08-Regulierungskammer-Netzbetreiberliste-Strom-2026.pdf;2026-09-18;Kleiner/lokaler VNB laut offizieller Netzbetreiberliste der Bayerischen Landesregulierungsbehoerde (Stand 08.06.2026). Adresse/Telefon/Email/Website/TAB-Link im Rahmen dieser Recherche NICHT individuell verifiziert (Zeit- und Suchbudget begrenzt, WebSearch-Kontingent aufgebraucht) - vor Nutzung auf offizieller Quelle bzw. Firmenwebsite pruefen.
Erlanger Stadtwerke Aktiengesellschaft;AG;Äußere Brucker Str. 33;91052;Erlangen;BY;09131 823-4922;n/a - nur Kontaktformular auf netze.estw.de gefunden;https://netze.estw.de (Hauptseite: https://www.estw.de);https://netze.estw.de/de/Installateure/Strom/BDEW-Bundesmusterwortlaut-TAB-2023-Version-2.0.pdf;TAB 2023 Version 2.0, gültig ab 01.07.2024;n/a - nicht verifiziert;https://www.estw.de/de/Home/Impressum/ | https://netze.estw.de/de/Stromnetz/Kontakt/;2026-09-18;"Netzbetreibernummer Strom: 000179. Firmiert als AG (nicht als separate ""ESTW Netz GmbH"")."
Kraftwerk Farchant A. Poettinger & Co. KG;KG;n/a;n/a;Farchant;BY;n/a;n/a;n/a;n/a;n/a;n/a;https://www.regulierungskammer-bayern.de/fileadmin/user_upload/regulierungskammer/Dokumente/Zustaendigkeiten/2026-06-08-Regulierungskammer-Netzbetreiberliste-Strom-2026.pdf;2026-09-18;Kleiner/lokaler VNB laut offizieller Netzbetreiberliste der Bayerischen Landesregulierungsbehoerde (Stand 08.06.2026). Adresse/Telefon/Email/Website/TAB-Link im Rahmen dieser Recherche NICHT individuell verifiziert (Zeit- und Suchbudget begrenzt, WebSearch-Kontingent aufgebraucht) - vor Nutzung auf offizieller Quelle bzw. Firmenwebsite pruefen.
Elektrizitäts- und Wasserversorgungsgenossenschaft Vagen eG;eG;n/a;n/a;Feldkirchen-Westerham;BY;n/a;n/a;n/a;n/a;n/a;n/a;https://www.regulierungskammer-bayern.de/fileadmin/user_upload/regulierungskammer/Dokumente/Zustaendigkeiten/2026-06-08-Regulierungskammer-Netzbetreiberliste-Strom-2026.pdf;2026-09-18;Kleiner/lokaler VNB laut offizieller Netzbetreiberliste der Bayerischen Landesregulierungsbehoerde (Stand 08.06.2026). Adresse/Telefon/Email/Website/TAB-Link im Rahmen dieser Recherche NICHT individuell verifiziert (Zeit- und Suchbudget begrenzt, WebSearch-Kontingent aufgebraucht) - vor Nutzung auf offizieller Quelle bzw. Firmenwebsite pruefen.
Feuchter Gemeindewerke GmbH (FGW);GmbH;n/a;n/a;Feucht;BY;n/a;n/a;n/a;n/a;n/a;n/a;https://www.regulierungskammer-bayern.de/fileadmin/user_upload/regulierungskammer/Dokumente/Zustaendigkeiten/2026-06-08-Regulierungskammer-Netzbetreiberliste-Strom-2026.pdf;2026-09-18;Kleiner/lokaler VNB laut offizieller Netzbetreiberliste der Bayerischen Landesregulierungsbehoerde (Stand 08.06.2026). Adresse/Telefon/Email/Website/TAB-Link im Rahmen dieser Recherche NICHT individuell verifiziert (Zeit- und Suchbudget begrenzt, WebSearch-Kontingent aufgebraucht) - vor Nutzung auf offizieller Quelle bzw. Firmenwebsite pruefen.
Gemeindewerke Schwarzenbruck GmbH (GWS);GmbH;n/a;n/a;Feucht;BY;n/a;n/a;n/a;n/a;n/a;n/a;https://www.regulierungskammer-bayern.de/fileadmin/user_upload/regulierungskammer/Dokumente/Zustaendigkeiten/2026-06-08-Regulierungskammer-Netzbetreiberliste-Strom-2026.pdf;2026-09-18;Kleiner/lokaler VNB laut offizieller Netzbetreiberliste der Bayerischen Landesregulierungsbehoerde (Stand 08.06.2026). Adresse/Telefon/Email/Website/TAB-Link im Rahmen dieser Recherche NICHT individuell verifiziert (Zeit- und Suchbudget begrenzt, WebSearch-Kontingent aufgebraucht) - vor Nutzung auf offizieller Quelle bzw. Firmenwebsite pruefen.
Stadtwerke Feuchtwangen;n/a;n/a;n/a;Feuchtwangen;BY;n/a;n/a;n/a;n/a;n/a;n/a;https://www.regulierungskammer-bayern.de/fileadmin/user_upload/regulierungskammer/Dokumente/Zustaendigkeiten/2026-06-08-Regulierungskammer-Netzbetreiberliste-Strom-2026.pdf;2026-09-18;Kleiner/lokaler VNB laut offizieller Netzbetreiberliste der Bayerischen Landesregulierungsbehoerde (Stand 08.06.2026). Adresse/Telefon/Email/Website/TAB-Link im Rahmen dieser Recherche NICHT individuell verifiziert (Zeit- und Suchbudget begrenzt, WebSearch-Kontingent aufgebraucht) - vor Nutzung auf offizieller Quelle bzw. Firmenwebsite pruefen.
Stadtwerke Forchheim GmbH;GmbH;Haidfeldstraße 8;91301;Forchheim;BY;09191 613 0;n/a - nicht gefunden;https://www.stadtwerke-forchheim.de;n/a - Download-Center vorhanden, Direktlink nicht extrahiert;n/a;n/a;https://www.stadtwerke-forchheim.de/impressum/ | https://www.stadtwerke-forchheim.de/service-kontakt/download-center/;2026-09-18;-
Markt Frammersbach;Kommune (Gebietskörperschaft);n/a;n/a;Frammersbach;BY;n/a;n/a;n/a;n/a;n/a;n/a;https://www.regulierungskammer-bayern.de/fileadmin/user_upload/regulierungskammer/Dokumente/Zustaendigkeiten/2026-06-08-Regulierungskammer-Netzbetreiberliste-Strom-2026.pdf;2026-09-18;Kleiner/lokaler VNB laut offizieller Netzbetreiberliste der Bayerischen Landesregulierungsbehoerde (Stand 08.06.2026). Adresse/Telefon/Email/Website/TAB-Link im Rahmen dieser Recherche NICHT individuell verifiziert (Zeit- und Suchbudget begrenzt, WebSearch-Kontingent aufgebraucht) - vor Nutzung auf offizieller Quelle bzw. Firmenwebsite pruefen.
Rupert Buchauer E-Werk & Elektrotechnik;n/a;n/a;n/a;Frasdorf;BY;n/a;n/a;n/a;n/a;n/a;n/a;https://www.regulierungskammer-bayern.de/fileadmin/user_upload/regulierungskammer/Dokumente/Zustaendigkeiten/2026-06-08-Regulierungskammer-Netzbetreiberliste-Strom-2026.pdf;2026-09-18;Kleiner/lokaler VNB laut offizieller Netzbetreiberliste der Bayerischen Landesregulierungsbehoerde (Stand 08.06.2026). Adresse/Telefon/Email/Website/TAB-Link im Rahmen dieser Recherche NICHT individuell verifiziert (Zeit- und Suchbudget begrenzt, WebSearch-Kontingent aufgebraucht) - vor Nutzung auf offizieller Quelle bzw. Firmenwebsite pruefen.
Freisinger Stadtwerke Versorgungs-GmbH;GmbH;Wippenhauser Straße 19;85354;Freising;BY;08161/183-0;n/a - auf Website verschlüsselt dargestellt;https://www.freisinger-stadtwerke.de;n/a - Netzanschlussportal vorhanden, Direktlink zur TAB nicht gefunden;n/a;Netzanschlussportal - https://www.freisinger-stadtwerke.de/de/Netze/Stromnetz/Netzanschlussportal/;https://www.freisinger-stadtwerke.de/de/Home/Impressum/;2026-09-18;-
Stadtwerke Furth im Wald GmbH & Co. KG;GmbH & Co. KG;n/a;n/a;Furth im Wald;BY;n/a;n/a;n/a;n/a;n/a;n/a;https://www.regulierungskammer-bayern.de/fileadmin/user_upload/regulierungskammer/Dokumente/Zustaendigkeiten/2026-06-08-Regulierungskammer-Netzbetreiberliste-Strom-2026.pdf;2026-09-18;Kleiner/lokaler VNB laut offizieller Netzbetreiberliste der Bayerischen Landesregulierungsbehoerde (Stand 08.06.2026). Adresse/Telefon/Email/Website/TAB-Link im Rahmen dieser Recherche NICHT individuell verifiziert (Zeit- und Suchbudget begrenzt, WebSearch-Kontingent aufgebraucht) - vor Nutzung auf offizieller Quelle bzw. Firmenwebsite pruefen.
Stadtwerke Fürstenfeldbruck GmbH;GmbH;n/a;n/a;Fürstenfeldbruck;BY;n/a;n/a;n/a;n/a;n/a;n/a;https://www.regulierungskammer-bayern.de/fileadmin/user_upload/regulierungskammer/Dokumente/Zustaendigkeiten/2026-06-08-Regulierungskammer-Netzbetreiberliste-Strom-2026.pdf;2026-09-18;Kleiner/lokaler VNB laut offizieller Netzbetreiberliste der Bayerischen Landesregulierungsbehoerde (Stand 08.06.2026). Adresse/Telefon/Email/Website/TAB-Link im Rahmen dieser Recherche NICHT individuell verifiziert (Zeit- und Suchbudget begrenzt, WebSearch-Kontingent aufgebraucht) - vor Nutzung auf offizieller Quelle bzw. Firmenwebsite pruefen.
Netz & Energie Betriebsgesellschaft mbH;GmbH;n/a;n/a;Fürth;BY;n/a;n/a;n/a;n/a;n/a;n/a;https://www.regulierungskammer-bayern.de/fileadmin/user_upload/regulierungskammer/Dokumente/Zustaendigkeiten/2026-06-08-Regulierungskammer-Netzbetreiberliste-Strom-2026.pdf;2026-09-18;[Zusammengeführt aus 3 Regions-Treffern] Eintrag stammt aus Sonderkategorie 'h. Regulierungskammer' der offiziellen Liste - moeglicherweise Betreiber eines geschlossenen Verteilernetzes/Arealnetzes (z.B. Flughafen, Gewerbepark, Einkaufszentrum) statt eines allgemeinen oeffentlichen Niederspannungsnetzes fuer Endkunden, vor Nutzung pruefen. Adresse/Telefon/Email/Website/TAB-Link nicht individuell verifiziert.
infra fürth gmbh;GmbH;Leyher Straße 69;90763;Fürth;BY;0911 9704-4000;service@infra-fuerth.de;https://www.infra-fuerth.de;https://www.infra-fuerth.de/fileadmin/pdf/leistungen/Hausanschluss_Netzanschlussbedingungen/Hausanschluss_Strom/Technische_Anschlussbedingungen_der_infra_fuerth_gmbh.pdf;"n/a - Datum im Dateinamen nicht erkennbar, könnte älter sein (verwandtes Gas-Dokument datiert ""in Kraft getreten 2005"")";n/a;https://www.infra-fuerth.de/privatkunden/meta/impressum;2026-09-18;TAB-PDF-Aktualität nicht sicher bestätigt - vor Verwendung auf infra-fuerth.de/privatkunden/infothek/downloads/pdf-downloads prüfen.
Elektrizitätswerke Reutte GmbH & Co. KG;GmbH & Co. KG;n/a;n/a;Füssen;BY;n/a;n/a;n/a;n/a;n/a;n/a;https://www.regulierungskammer-bayern.de/fileadmin/user_upload/regulierungskammer/Dokumente/Zustaendigkeiten/2026-06-08-Regulierungskammer-Netzbetreiberliste-Strom-2026.pdf;2026-09-18;Kleiner/lokaler VNB laut offizieller Netzbetreiberliste der Bayerischen Landesregulierungsbehoerde (Stand 08.06.2026). Adresse/Telefon/Email/Website/TAB-Link im Rahmen dieser Recherche NICHT individuell verifiziert (Zeit- und Suchbudget begrenzt, WebSearch-Kontingent aufgebraucht) - vor Nutzung auf offizieller Quelle bzw. Firmenwebsite pruefen.
Gemeindewerke Gangkofen;n/a;n/a;n/a;Gangkofen;BY;n/a;n/a;n/a;n/a;n/a;n/a;https://www.regulierungskammer-bayern.de/fileadmin/user_upload/regulierungskammer/Dokumente/Zustaendigkeiten/2026-06-08-Regulierungskammer-Netzbetreiberliste-Strom-2026.pdf;2026-09-18;Kleiner/lokaler VNB laut offizieller Netzbetreiberliste der Bayerischen Landesregulierungsbehoerde (Stand 08.06.2026). Adresse/Telefon/Email/Website/TAB-Link im Rahmen dieser Recherche NICHT individuell verifiziert (Zeit- und Suchbudget begrenzt, WebSearch-Kontingent aufgebraucht) - vor Nutzung auf offizieller Quelle bzw. Firmenwebsite pruefen.
Gemeindewerke Garmisch-Partenkirchen, KU;Kommunalunternehmen (KU);n/a;n/a;Garmisch-Partenkirchen;BY;n/a;n/a;n/a;n/a;n/a;n/a;https://www.regulierungskammer-bayern.de/fileadmin/user_upload/regulierungskammer/Dokumente/Zustaendigkeiten/2026-06-08-Regulierungskammer-Netzbetreiberliste-Strom-2026.pdf;2026-09-18;Kleiner/lokaler VNB laut offizieller Netzbetreiberliste der Bayerischen Landesregulierungsbehoerde (Stand 08.06.2026). Adresse/Telefon/Email/Website/TAB-Link im Rahmen dieser Recherche NICHT individuell verifiziert (Zeit- und Suchbudget begrenzt, WebSearch-Kontingent aufgebraucht) - vor Nutzung auf offizieller Quelle bzw. Firmenwebsite pruefen.
Energieversorgung Gemünden GmbH;GmbH;n/a;n/a;Gemünden a. Main;BY;n/a;n/a;n/a;n/a;n/a;n/a;https://www.regulierungskammer-bayern.de/fileadmin/user_upload/regulierungskammer/Dokumente/Zustaendigkeiten/2026-06-08-Regulierungskammer-Netzbetreiberliste-Strom-2026.pdf;2026-09-18;Kleiner/lokaler VNB laut offizieller Netzbetreiberliste der Bayerischen Landesregulierungsbehoerde (Stand 08.06.2026). Adresse/Telefon/Email/Website/TAB-Link im Rahmen dieser Recherche NICHT individuell verifiziert (Zeit- und Suchbudget begrenzt, WebSearch-Kontingent aufgebraucht) - vor Nutzung auf offizieller Quelle bzw. Firmenwebsite pruefen.
Gemeindewerke Georgensgmünd;n/a;n/a;n/a;Georgensgmünd;BY;n/a;n/a;n/a;n/a;n/a;n/a;https://www.regulierungskammer-bayern.de/fileadmin/user_upload/regulierungskammer/Dokumente/Zustaendigkeiten/2026-06-08-Regulierungskammer-Netzbetreiberliste-Strom-2026.pdf;2026-09-18;Kleiner/lokaler VNB laut offizieller Netzbetreiberliste der Bayerischen Landesregulierungsbehoerde (Stand 08.06.2026). Adresse/Telefon/Email/Website/TAB-Link im Rahmen dieser Recherche NICHT individuell verifiziert (Zeit- und Suchbudget begrenzt, WebSearch-Kontingent aufgebraucht) - vor Nutzung auf offizieller Quelle bzw. Firmenwebsite pruefen.
IGS Netze GmbH;GmbH;n/a;n/a;Gersthofen;BY;n/a;n/a;n/a;n/a;n/a;n/a;https://www.regulierungskammer-bayern.de/fileadmin/user_upload/regulierungskammer/Dokumente/Zustaendigkeiten/2026-06-08-Regulierungskammer-Netzbetreiberliste-Strom-2026.pdf;2026-09-18;Kleiner/lokaler VNB laut offizieller Netzbetreiberliste der Bayerischen Landesregulierungsbehoerde (Stand 08.06.2026). Adresse/Telefon/Email/Website/TAB-Link im Rahmen dieser Recherche NICHT individuell verifiziert (Zeit- und Suchbudget begrenzt, WebSearch-Kontingent aufgebraucht) - vor Nutzung auf offizieller Quelle bzw. Firmenwebsite pruefen.
Gemeinde Glattbach;Kommune (Gebietskörperschaft);n/a;n/a;Glattbach;BY;n/a;n/a;n/a;n/a;n/a;n/a;https://www.regulierungskammer-bayern.de/fileadmin/user_upload/regulierungskammer/Dokumente/Zustaendigkeiten/2026-06-08-Regulierungskammer-Netzbetreiberliste-Strom-2026.pdf;2026-09-18;Kleiner/lokaler VNB laut offizieller Netzbetreiberliste der Bayerischen Landesregulierungsbehoerde (Stand 08.06.2026). Adresse/Telefon/Email/Website/TAB-Link im Rahmen dieser Recherche NICHT individuell verifiziert (Zeit- und Suchbudget begrenzt, WebSearch-Kontingent aufgebraucht) - vor Nutzung auf offizieller Quelle bzw. Firmenwebsite pruefen.
Elektrizitätsversorgung (EVU) der Gemeinde Gochsheim;n/a;n/a;n/a;Gochsheim;BY;n/a;n/a;n/a;n/a;n/a;n/a;https://www.regulierungskammer-bayern.de/fileadmin/user_upload/regulierungskammer/Dokumente/Zustaendigkeiten/2026-06-08-Regulierungskammer-Netzbetreiberliste-Strom-2026.pdf;2026-09-18;Kleiner/lokaler VNB laut offizieller Netzbetreiberliste der Bayerischen Landesregulierungsbehoerde (Stand 08.06.2026). Adresse/Telefon/Email/Website/TAB-Link im Rahmen dieser Recherche NICHT individuell verifiziert (Zeit- und Suchbudget begrenzt, WebSearch-Kontingent aufgebraucht) - vor Nutzung auf offizieller Quelle bzw. Firmenwebsite pruefen.
Elektrizitätswerk Goldbach-Hösbach GmbH & Co. KG;GmbH & Co. KG;n/a;n/a;Goldbach;BY;n/a;n/a;n/a;n/a;n/a;n/a;https://www.regulierungskammer-bayern.de/fileadmin/user_upload/regulierungskammer/Dokumente/Zustaendigkeiten/2026-06-08-Regulierungskammer-Netzbetreiberliste-Strom-2026.pdf;2026-09-18;Kleiner/lokaler VNB laut offizieller Netzbetreiberliste der Bayerischen Landesregulierungsbehoerde (Stand 08.06.2026). Adresse/Telefon/Email/Website/TAB-Link im Rahmen dieser Recherche NICHT individuell verifiziert (Zeit- und Suchbudget begrenzt, WebSearch-Kontingent aufgebraucht) - vor Nutzung auf offizieller Quelle bzw. Firmenwebsite pruefen.
Rothmoser GmbH & Co. KG;GmbH & Co. KG;n/a;n/a;Grafing;BY;n/a;n/a;n/a;n/a;n/a;n/a;https://www.regulierungskammer-bayern.de/fileadmin/user_upload/regulierungskammer/Dokumente/Zustaendigkeiten/2026-06-08-Regulierungskammer-Netzbetreiberliste-Strom-2026.pdf;2026-09-18;Kleiner/lokaler VNB laut offizieller Netzbetreiberliste der Bayerischen Landesregulierungsbehoerde (Stand 08.06.2026). Adresse/Telefon/Email/Website/TAB-Link im Rahmen dieser Recherche NICHT individuell verifiziert (Zeit- und Suchbudget begrenzt, WebSearch-Kontingent aufgebraucht) - vor Nutzung auf offizieller Quelle bzw. Firmenwebsite pruefen.
Raiffeisenbank Altmühl-Jura eG;eG;n/a;n/a;Greding;BY;n/a;n/a;n/a;n/a;n/a;n/a;https://www.regulierungskammer-bayern.de/fileadmin/user_upload/regulierungskammer/Dokumente/Zustaendigkeiten/2026-06-08-Regulierungskammer-Netzbetreiberliste-Strom-2026.pdf;2026-09-18;Kleiner/lokaler VNB laut offizieller Netzbetreiberliste der Bayerischen Landesregulierungsbehoerde (Stand 08.06.2026). Adresse/Telefon/Email/Website/TAB-Link im Rahmen dieser Recherche NICHT individuell verifiziert (Zeit- und Suchbudget begrenzt, WebSearch-Kontingent aufgebraucht) - vor Nutzung auf offizieller Quelle bzw. Firmenwebsite pruefen.
Industrie Handels Park Nord;n/a;n/a;n/a;Großostheim;BY;n/a;n/a;n/a;n/a;n/a;n/a;https://www.regulierungskammer-bayern.de/fileadmin/user_upload/regulierungskammer/Dokumente/Zustaendigkeiten/2026-06-08-Regulierungskammer-Netzbetreiberliste-Strom-2026.pdf;2026-09-18;Eintrag stammt aus Sonderkategorie 'h. Regulierungskammer' der offiziellen Liste - moeglicherweise Betreiber eines geschlossenen Verteilernetzes/Arealnetzes (z.B. Flughafen, Gewerbepark, Einkaufszentrum) statt eines allgemeinen oeffentlichen Niederspannungsnetzes fuer Endkunden, vor Nutzung pruefen. Adresse/Telefon/Email/Website/TAB-Link nicht individuell verifiziert.
Industrie Handels Park Süd;n/a;n/a;n/a;Großostheim;BY;n/a;n/a;n/a;n/a;n/a;n/a;https://www.regulierungskammer-bayern.de/fileadmin/user_upload/regulierungskammer/Dokumente/Zustaendigkeiten/2026-06-08-Regulierungskammer-Netzbetreiberliste-Strom-2026.pdf;2026-09-18;Eintrag stammt aus Sonderkategorie 'h. Regulierungskammer' der offiziellen Liste - moeglicherweise Betreiber eines geschlossenen Verteilernetzes/Arealnetzes (z.B. Flughafen, Gewerbepark, Einkaufszentrum) statt eines allgemeinen oeffentlichen Niederspannungsnetzes fuer Endkunden, vor Nutzung pruefen. Adresse/Telefon/Email/Website/TAB-Link nicht individuell verifiziert.
Stadtwerke Gunzenhausen Gesellschaft mit beschränkter Haftung;GmbH;n/a;n/a;Gunzenhausen;BY;n/a;n/a;n/a;n/a;n/a;n/a;https://www.regulierungskammer-bayern.de/fileadmin/user_upload/regulierungskammer/Dokumente/Zustaendigkeiten/2026-06-08-Regulierungskammer-Netzbetreiberliste-Strom-2026.pdf;2026-09-18;Kleiner/lokaler VNB laut offizieller Netzbetreiberliste der Bayerischen Landesregulierungsbehoerde (Stand 08.06.2026). Adresse/Telefon/Email/Website/TAB-Link im Rahmen dieser Recherche NICHT individuell verifiziert (Zeit- und Suchbudget begrenzt, WebSearch-Kontingent aufgebraucht) - vor Nutzung auf offizieller Quelle bzw. Firmenwebsite pruefen.
SVH Stromversorgung Haar GmbH;GmbH;n/a;n/a;Haar;BY;n/a;n/a;n/a;n/a;n/a;n/a;https://www.regulierungskammer-bayern.de/fileadmin/user_upload/regulierungskammer/Dokumente/Zustaendigkeiten/2026-06-08-Regulierungskammer-Netzbetreiberliste-Strom-2026.pdf;2026-09-18;Kleiner/lokaler VNB laut offizieller Netzbetreiberliste der Bayerischen Landesregulierungsbehoerde (Stand 08.06.2026). Adresse/Telefon/Email/Website/TAB-Link im Rahmen dieser Recherche NICHT individuell verifiziert (Zeit- und Suchbudget begrenzt, WebSearch-Kontingent aufgebraucht) - vor Nutzung auf offizieller Quelle bzw. Firmenwebsite pruefen.
E-Werke Haniel Haimhausen GmbH & Co. KG;GmbH & Co. KG;n/a;n/a;Haimhausen;BY;n/a;n/a;n/a;n/a;n/a;n/a;https://www.regulierungskammer-bayern.de/fileadmin/user_upload/regulierungskammer/Dokumente/Zustaendigkeiten/2026-06-08-Regulierungskammer-Netzbetreiberliste-Strom-2026.pdf;2026-09-18;Kleiner/lokaler VNB laut offizieller Netzbetreiberliste der Bayerischen Landesregulierungsbehoerde (Stand 08.06.2026). Adresse/Telefon/Email/Website/TAB-Link im Rahmen dieser Recherche NICHT individuell verifiziert (Zeit- und Suchbudget begrenzt, WebSearch-Kontingent aufgebraucht) - vor Nutzung auf offizieller Quelle bzw. Firmenwebsite pruefen.
Stadtwerke Hammelburg GmbH;GmbH;n/a;n/a;Hammelburg;BY;n/a;n/a;n/a;n/a;n/a;n/a;https://www.regulierungskammer-bayern.de/fileadmin/user_upload/regulierungskammer/Dokumente/Zustaendigkeiten/2026-06-08-Regulierungskammer-Netzbetreiberliste-Strom-2026.pdf;2026-09-18;Kleiner/lokaler VNB laut offizieller Netzbetreiberliste der Bayerischen Landesregulierungsbehoerde (Stand 08.06.2026). Adresse/Telefon/Email/Website/TAB-Link im Rahmen dieser Recherche NICHT individuell verifiziert (Zeit- und Suchbudget begrenzt, WebSearch-Kontingent aufgebraucht) - vor Nutzung auf offizieller Quelle bzw. Firmenwebsite pruefen.
Stadtwerk Haßfurt GmbH;GmbH;n/a;n/a;Haßfurt;BY;n/a;n/a;n/a;n/a;n/a;n/a;https://www.regulierungskammer-bayern.de/fileadmin/user_upload/regulierungskammer/Dokumente/Zustaendigkeiten/2026-06-08-Regulierungskammer-Netzbetreiberliste-Strom-2026.pdf;2026-09-18;Kleiner/lokaler VNB laut offizieller Netzbetreiberliste der Bayerischen Landesregulierungsbehoerde (Stand 08.06.2026). Adresse/Telefon/Email/Website/TAB-Link im Rahmen dieser Recherche NICHT individuell verifiziert (Zeit- und Suchbudget begrenzt, WebSearch-Kontingent aufgebraucht) - vor Nutzung auf offizieller Quelle bzw. Firmenwebsite pruefen.
Stadtwerke Heilsbronn;n/a;n/a;n/a;Heilsbronn;BY;n/a;n/a;n/a;n/a;n/a;n/a;https://www.regulierungskammer-bayern.de/fileadmin/user_upload/regulierungskammer/Dokumente/Zustaendigkeiten/2026-06-08-Regulierungskammer-Netzbetreiberliste-Strom-2026.pdf;2026-09-18;Kleiner/lokaler VNB laut offizieller Netzbetreiberliste der Bayerischen Landesregulierungsbehoerde (Stand 08.06.2026). Adresse/Telefon/Email/Website/TAB-Link im Rahmen dieser Recherche NICHT individuell verifiziert (Zeit- und Suchbudget begrenzt, WebSearch-Kontingent aufgebraucht) - vor Nutzung auf offizieller Quelle bzw. Firmenwebsite pruefen.
Licht- und Kraftwerke Helmbrechts GmbH;GmbH;n/a;n/a;Helmbrechts;BY;n/a;n/a;n/a;n/a;n/a;n/a;https://www.regulierungskammer-bayern.de/fileadmin/user_upload/regulierungskammer/Dokumente/Zustaendigkeiten/2026-06-08-Regulierungskammer-Netzbetreiberliste-Strom-2026.pdf;2026-09-18;Kleiner/lokaler VNB laut offizieller Netzbetreiberliste der Bayerischen Landesregulierungsbehoerde (Stand 08.06.2026). Adresse/Telefon/Email/Website/TAB-Link im Rahmen dieser Recherche NICHT individuell verifiziert (Zeit- und Suchbudget begrenzt, WebSearch-Kontingent aufgebraucht) - vor Nutzung auf offizieller Quelle bzw. Firmenwebsite pruefen.
Stadtwerke Hemau;n/a;n/a;n/a;Hemau;BY;n/a;n/a;n/a;n/a;n/a;n/a;https://www.regulierungskammer-bayern.de/fileadmin/user_upload/regulierungskammer/Dokumente/Zustaendigkeiten/2026-06-08-Regulierungskammer-Netzbetreiberliste-Strom-2026.pdf;2026-09-18;Kleiner/lokaler VNB laut offizieller Netzbetreiberliste der Bayerischen Landesregulierungsbehoerde (Stand 08.06.2026). Adresse/Telefon/Email/Website/TAB-Link im Rahmen dieser Recherche NICHT individuell verifiziert (Zeit- und Suchbudget begrenzt, WebSearch-Kontingent aufgebraucht) - vor Nutzung auf offizieller Quelle bzw. Firmenwebsite pruefen.
Gemeindliche Werke Hengersberg;n/a;n/a;n/a;Hengersberg;BY;n/a;n/a;n/a;n/a;n/a;n/a;https://www.regulierungskammer-bayern.de/fileadmin/user_upload/regulierungskammer/Dokumente/Zustaendigkeiten/2026-06-08-Regulierungskammer-Netzbetreiberliste-Strom-2026.pdf;2026-09-18;Kleiner/lokaler VNB laut offizieller Netzbetreiberliste der Bayerischen Landesregulierungsbehoerde (Stand 08.06.2026). Adresse/Telefon/Email/Website/TAB-Link im Rahmen dieser Recherche NICHT individuell verifiziert (Zeit- und Suchbudget begrenzt, WebSearch-Kontingent aufgebraucht) - vor Nutzung auf offizieller Quelle bzw. Firmenwebsite pruefen.
HEWA GmbH;GmbH;n/a;n/a;Hersbruck;BY;n/a;n/a;n/a;n/a;n/a;n/a;https://www.regulierungskammer-bayern.de/fileadmin/user_upload/regulierungskammer/Dokumente/Zustaendigkeiten/2026-06-08-Regulierungskammer-Netzbetreiberliste-Strom-2026.pdf;2026-09-18;Kleiner/lokaler VNB laut offizieller Netzbetreiberliste der Bayerischen Landesregulierungsbehoerde (Stand 08.06.2026). Adresse/Telefon/Email/Website/TAB-Link im Rahmen dieser Recherche NICHT individuell verifiziert (Zeit- und Suchbudget begrenzt, WebSearch-Kontingent aufgebraucht) - vor Nutzung auf offizieller Quelle bzw. Firmenwebsite pruefen.
Herzo Werke GmbH;GmbH;n/a;n/a;Herzogenaurach;BY;n/a;n/a;n/a;n/a;n/a;n/a;https://www.regulierungskammer-bayern.de/fileadmin/user_upload/regulierungskammer/Dokumente/Zustaendigkeiten/2026-06-08-Regulierungskammer-Netzbetreiberliste-Strom-2026.pdf;2026-09-18;Kleiner/lokaler VNB laut offizieller Netzbetreiberliste der Bayerischen Landesregulierungsbehoerde (Stand 08.06.2026). Adresse/Telefon/Email/Website/TAB-Link im Rahmen dieser Recherche NICHT individuell verifiziert (Zeit- und Suchbudget begrenzt, WebSearch-Kontingent aufgebraucht) - vor Nutzung auf offizieller Quelle bzw. Firmenwebsite pruefen.
Stadtwerke Hof Energie+Wasser GmbH;GmbH;Unterkotzauer Weg 25;95028;Hof;BY;09281 812-0;info@stadtwerke-hof.de;https://www.stadtwerke-hof.de;n/a - nicht direkt gefunden;n/a;n/a;https://www.stadtwerke-hof.de/impressum/;2026-09-18;TAB vermutlich unter stadtwerke-hof.de/netze/ auffindbar.
Stadtwerke Hollfeld;n/a;n/a;n/a;Hollfeld;BY;n/a;n/a;n/a;n/a;n/a;n/a;https://www.regulierungskammer-bayern.de/fileadmin/user_upload/regulierungskammer/Dokumente/Zustaendigkeiten/2026-06-08-Regulierungskammer-Netzbetreiberliste-Strom-2026.pdf;2026-09-18;Kleiner/lokaler VNB laut offizieller Netzbetreiberliste der Bayerischen Landesregulierungsbehoerde (Stand 08.06.2026). Adresse/Telefon/Email/Website/TAB-Link im Rahmen dieser Recherche NICHT individuell verifiziert (Zeit- und Suchbudget begrenzt, WebSearch-Kontingent aufgebraucht) - vor Nutzung auf offizieller Quelle bzw. Firmenwebsite pruefen.
Gemeindewerke Holzkirchen GmbH;GmbH;n/a;n/a;Holzkirchen;BY;n/a;n/a;n/a;n/a;n/a;n/a;https://www.regulierungskammer-bayern.de/fileadmin/user_upload/regulierungskammer/Dokumente/Zustaendigkeiten/2026-06-08-Regulierungskammer-Netzbetreiberliste-Strom-2026.pdf;2026-09-18;Kleiner/lokaler VNB laut offizieller Netzbetreiberliste der Bayerischen Landesregulierungsbehoerde (Stand 08.06.2026). Adresse/Telefon/Email/Website/TAB-Link im Rahmen dieser Recherche NICHT individuell verifiziert (Zeit- und Suchbudget begrenzt, WebSearch-Kontingent aufgebraucht) - vor Nutzung auf offizieller Quelle bzw. Firmenwebsite pruefen.
Stadtwerke Ingolstadt Netze GmbH;GmbH;Ringlerstraße 28;85057;Ingolstadt;BY;(0841) 80-0;netzvertrieb@sw-i.de;https://swi-netze.de;https://swi-netze.de/fileadmin/media/04_Netze/C_Netze_Downloads/PDFs/01_Strom/Hausanschluss/Regelwerke/BDEW_Bundesmusterwortlaut_TAB_2023_v2.0.pdf;TAB 2023 v2.0, gültig ab 01.05.2025;n/a - nicht verifiziert;https://swi-netze.de/netze-footer/impressum/ | https://swi-netze.de/netzbeschreibung-1/;2026-09-18;-
Stromversorgung Inzell eG;eG;n/a;n/a;Inzell;BY;n/a;n/a;n/a;n/a;n/a;n/a;https://www.regulierungskammer-bayern.de/fileadmin/user_upload/regulierungskammer/Dokumente/Zustaendigkeiten/2026-06-08-Regulierungskammer-Netzbetreiberliste-Strom-2026.pdf;2026-09-18;Kleiner/lokaler VNB laut offizieller Netzbetreiberliste der Bayerischen Landesregulierungsbehoerde (Stand 08.06.2026). Adresse/Telefon/Email/Website/TAB-Link im Rahmen dieser Recherche NICHT individuell verifiziert (Zeit- und Suchbudget begrenzt, WebSearch-Kontingent aufgebraucht) - vor Nutzung auf offizieller Quelle bzw. Firmenwebsite pruefen.
SVI – Stromversorgung Ismaning GmbH;GmbH;n/a;n/a;Ismaning;BY;n/a;n/a;n/a;n/a;n/a;n/a;https://www.regulierungskammer-bayern.de/fileadmin/user_upload/regulierungskammer/Dokumente/Zustaendigkeiten/2026-06-08-Regulierungskammer-Netzbetreiberliste-Strom-2026.pdf;2026-09-18;Kleiner/lokaler VNB laut offizieller Netzbetreiberliste der Bayerischen Landesregulierungsbehoerde (Stand 08.06.2026). Adresse/Telefon/Email/Website/TAB-Link im Rahmen dieser Recherche NICHT individuell verifiziert (Zeit- und Suchbudget begrenzt, WebSearch-Kontingent aufgebraucht) - vor Nutzung auf offizieller Quelle bzw. Firmenwebsite pruefen.
Gemeindewerke Kahl Versorgungsgesellschaft mbH;GmbH;n/a;n/a;Kahl am Main;BY;n/a;n/a;n/a;n/a;n/a;n/a;https://www.regulierungskammer-bayern.de/fileadmin/user_upload/regulierungskammer/Dokumente/Zustaendigkeiten/2026-06-08-Regulierungskammer-Netzbetreiberliste-Strom-2026.pdf;2026-09-18;Kleiner/lokaler VNB laut offizieller Netzbetreiberliste der Bayerischen Landesregulierungsbehoerde (Stand 08.06.2026). Adresse/Telefon/Email/Website/TAB-Link im Rahmen dieser Recherche NICHT individuell verifiziert (Zeit- und Suchbudget begrenzt, WebSearch-Kontingent aufgebraucht) - vor Nutzung auf offizieller Quelle bzw. Firmenwebsite pruefen.
Energieversorgung Lohr-Karlstadt und Umgebung GmbH & Co. KG;GmbH & Co. KG;n/a;n/a;Karlstadt;BY;n/a;n/a;n/a;n/a;n/a;n/a;https://www.regulierungskammer-bayern.de/fileadmin/user_upload/regulierungskammer/Dokumente/Zustaendigkeiten/2026-06-08-Regulierungskammer-Netzbetreiberliste-Strom-2026.pdf;2026-09-18;Kleiner/lokaler VNB laut offizieller Netzbetreiberliste der Bayerischen Landesregulierungsbehoerde (Stand 08.06.2026). Adresse/Telefon/Email/Website/TAB-Link im Rahmen dieser Recherche NICHT individuell verifiziert (Zeit- und Suchbudget begrenzt, WebSearch-Kontingent aufgebraucht) - vor Nutzung auf offizieller Quelle bzw. Firmenwebsite pruefen.
Vereinigte Wertach-Elektrizitätswerke GmbH;GmbH;n/a;n/a;Kaufbeuren;BY;n/a;n/a;n/a;n/a;n/a;n/a;https://www.regulierungskammer-bayern.de/fileadmin/user_upload/regulierungskammer/Dokumente/Zustaendigkeiten/2026-06-08-Regulierungskammer-Netzbetreiberliste-Strom-2026.pdf;2026-09-18;Kleiner/lokaler VNB laut offizieller Netzbetreiberliste der Bayerischen Landesregulierungsbehoerde (Stand 08.06.2026). Adresse/Telefon/Email/Website/TAB-Link im Rahmen dieser Recherche NICHT individuell verifiziert (Zeit- und Suchbudget begrenzt, WebSearch-Kontingent aufgebraucht) - vor Nutzung auf offizieller Quelle bzw. Firmenwebsite pruefen.
Stadtwerke Kelheim GmbH & Co KG;GmbH & Co. KG;Hallstattstraße 15;93309;Kelheim;BY;09441 5032-0;info@stadtwerke-kelheim.de;https://www.stadtwerke-kelheim.de;n/a - separates Netzportal vorhanden, Direktlink nicht extrahiert;n/a;Netzportal - https://netz.stadtwerke-kelheim.de/;https://www.stadtwerke-kelheim.de/impressum;2026-09-18;-
AllgäuNetz GmbH & Co. KG;GmbH & Co. KG;Illerstraße 18;87435;Kempten (Allgäu);BY;0831 96006-0;n/a - nicht verifiziert;https://www.allgaeunetz.com;https://www.allgaeunetz.com/download/2024_06_25_1000_bdew_bundesmusterwortlaut_tab_2023.pdf;TAB 2023 V2.0, veröffentlicht 25.06.2024;n/a - nicht verifiziert;https://www.allgaeunetz.com/tabordner.html | https://www.allgaeunetz.com/technische-vorgaben.html;2026-09-18;"WICHTIG: AllgäuNetz GmbH & Co. KG (nicht die Allgäuer Überlandwerk GmbH selbst) ist laut Recherche der tatsächliche Verteilnetzbetreiber im Allgäu. Siehe separaten Eintrag ""Allgäuer Überlandwerk GmbH"" für den bekannteren Options-/Mutterkonzern-Namen (AÜW)."
Allgäuer Überlandwerk GmbH (AÜW);GmbH;Illerstraße 18;87435;Kempten (Allgäu);BY;0831 2521-0;info@auew.de;https://auew.de;n/a - siehe AllgäuNetz GmbH & Co. KG;n/a;n/a;https://auew.de/impressum/;2026-09-18;"AÜW ist der bekannte Regionalname/Konzern im Allgäu, betreibt aber laut dieser Recherche NICHT direkt selbst das Niederspannungsnetz - dies erfolgt über die separat eingetragene Gesellschaft ""AllgäuNetz GmbH & Co. KG"" (gleiche Adresse). Für Datenbankzwecke ggf. primär den AllgäuNetz-Eintrag als eigentlichen VNB werten, AÜW hier der Vollständigkeit halber (war expliziter Startpunkt im Rechercheauftrag) mit aufgeführt."
Gemeindewerke Kiefersfelden;n/a;n/a;n/a;Kiefersfelden;BY;n/a;n/a;n/a;n/a;n/a;n/a;https://www.regulierungskammer-bayern.de/fileadmin/user_upload/regulierungskammer/Dokumente/Zustaendigkeiten/2026-06-08-Regulierungskammer-Netzbetreiberliste-Strom-2026.pdf;2026-09-18;Kleiner/lokaler VNB laut offizieller Netzbetreiberliste der Bayerischen Landesregulierungsbehoerde (Stand 08.06.2026). Adresse/Telefon/Email/Website/TAB-Link im Rahmen dieser Recherche NICHT individuell verifiziert (Zeit- und Suchbudget begrenzt, WebSearch-Kontingent aufgebraucht) - vor Nutzung auf offizieller Quelle bzw. Firmenwebsite pruefen.
EVU-Schmid;n/a;n/a;n/a;Kirchanschöring;BY;n/a;n/a;n/a;n/a;n/a;n/a;https://www.regulierungskammer-bayern.de/fileadmin/user_upload/regulierungskammer/Dokumente/Zustaendigkeiten/2026-06-08-Regulierungskammer-Netzbetreiberliste-Strom-2026.pdf;2026-09-18;Kleiner/lokaler VNB laut offizieller Netzbetreiberliste der Bayerischen Landesregulierungsbehoerde (Stand 08.06.2026). Adresse/Telefon/Email/Website/TAB-Link im Rahmen dieser Recherche NICHT individuell verifiziert (Zeit- und Suchbudget begrenzt, WebSearch-Kontingent aufgebraucht) - vor Nutzung auf offizieller Quelle bzw. Firmenwebsite pruefen.
Fürstlich Fugger v. Glött'sche E-Werks GmbH & Co. KG;GmbH & Co. KG;n/a;n/a;Kirchheim;BY;n/a;n/a;n/a;n/a;n/a;n/a;https://www.regulierungskammer-bayern.de/fileadmin/user_upload/regulierungskammer/Dokumente/Zustaendigkeiten/2026-06-08-Regulierungskammer-Netzbetreiberliste-Strom-2026.pdf;2026-09-18;Kleiner/lokaler VNB laut offizieller Netzbetreiberliste der Bayerischen Landesregulierungsbehoerde (Stand 08.06.2026). Adresse/Telefon/Email/Website/TAB-Link im Rahmen dieser Recherche NICHT individuell verifiziert (Zeit- und Suchbudget begrenzt, WebSearch-Kontingent aufgebraucht) - vor Nutzung auf offizieller Quelle bzw. Firmenwebsite pruefen.
Licht-, Kraft- und Wasserwerke Kitzingen Gesellschaft mit beschränkter Haftung;GmbH;n/a;n/a;Kitzingen;BY;n/a;n/a;n/a;n/a;n/a;n/a;https://www.regulierungskammer-bayern.de/fileadmin/user_upload/regulierungskammer/Dokumente/Zustaendigkeiten/2026-06-08-Regulierungskammer-Netzbetreiberliste-Strom-2026.pdf;2026-09-18;Kleiner/lokaler VNB laut offizieller Netzbetreiberliste der Bayerischen Landesregulierungsbehoerde (Stand 08.06.2026). Adresse/Telefon/Email/Website/TAB-Link im Rahmen dieser Recherche NICHT individuell verifiziert (Zeit- und Suchbudget begrenzt, WebSearch-Kontingent aufgebraucht) - vor Nutzung auf offizieller Quelle bzw. Firmenwebsite pruefen.
Kommunalunternehmen Stadtwerke Klingenberg (Anstalt öffentlichen Rechts);AöR;n/a;n/a;Klingenberg a. Main;BY;n/a;n/a;n/a;n/a;n/a;n/a;https://www.regulierungskammer-bayern.de/fileadmin/user_upload/regulierungskammer/Dokumente/Zustaendigkeiten/2026-06-08-Regulierungskammer-Netzbetreiberliste-Strom-2026.pdf;2026-09-18;Kleiner/lokaler VNB laut offizieller Netzbetreiberliste der Bayerischen Landesregulierungsbehoerde (Stand 08.06.2026). Adresse/Telefon/Email/Website/TAB-Link im Rahmen dieser Recherche NICHT individuell verifiziert (Zeit- und Suchbudget begrenzt, WebSearch-Kontingent aufgebraucht) - vor Nutzung auf offizieller Quelle bzw. Firmenwebsite pruefen.
Stromnetz Kulmbach GmbH & Co. KG;GmbH & Co. KG;Hofer Straße 14;95326;Kulmbach;BY;09221 / 878 02 45;info@stromnetz-kulmbach.de;https://www.stromnetz-kulmbach.de;"n/a - Website verweist nur textlich auf ""TAB Niederspannung des BDEW, Ausgabe 2011"" ohne PDF-Link";BDEW-Ausgabe 2011 laut Website-Text - wirkt veraltet gegenüber TAB 2023 v2.0 anderer VNB, bitte prüfen;n/a;https://www.stromnetz-kulmbach.de/de/impressum/;2026-09-18;"TAB-Referenz auf der Website nennt explizit ""Ausgabe 2011"" - ungewöhnlich alt im Vergleich zu anderen VNB, ggf. Website-Text veraltet, bitte direkt nachfragen."
Gemeindewerke Lam;n/a;n/a;n/a;Lam;BY;n/a;n/a;n/a;n/a;n/a;n/a;https://www.regulierungskammer-bayern.de/fileadmin/user_upload/regulierungskammer/Dokumente/Zustaendigkeiten/2026-06-08-Regulierungskammer-Netzbetreiberliste-Strom-2026.pdf;2026-09-18;Kleiner/lokaler VNB laut offizieller Netzbetreiberliste der Bayerischen Landesregulierungsbehoerde (Stand 08.06.2026). Adresse/Telefon/Email/Website/TAB-Link im Rahmen dieser Recherche NICHT individuell verifiziert (Zeit- und Suchbudget begrenzt, WebSearch-Kontingent aufgebraucht) - vor Nutzung auf offizieller Quelle bzw. Firmenwebsite pruefen.
Stadtwerke Landau a. d. Isar;n/a;n/a;n/a;Landau a.d. Isar;BY;n/a;n/a;n/a;n/a;n/a;n/a;https://www.regulierungskammer-bayern.de/fileadmin/user_upload/regulierungskammer/Dokumente/Zustaendigkeiten/2026-06-08-Regulierungskammer-Netzbetreiberliste-Strom-2026.pdf;2026-09-18;Kleiner/lokaler VNB laut offizieller Netzbetreiberliste der Bayerischen Landesregulierungsbehoerde (Stand 08.06.2026). Adresse/Telefon/Email/Website/TAB-Link im Rahmen dieser Recherche NICHT individuell verifiziert (Zeit- und Suchbudget begrenzt, WebSearch-Kontingent aufgebraucht) - vor Nutzung auf offizieller Quelle bzw. Firmenwebsite pruefen.
Kommunalunternehmen Stadtwerke Landsberg;Kommunalunternehmen (KU);Epfenhauser Straße 12;86899;Landsberg am Lech;BY;08191 9478-0;technik@stw-landsberg.de;https://www.stadtwerke-landsberg.de;https://www.stadtwerke-landsberg.de/images/pdf/stromnetz/technische-mindestanforderungen/BDEW_TAB_2023v2.0_Bundesmusterwortlaut_240504.pdf;TAB 2023 v2.0, Stand 05.2024;n/a;https://www.stadtwerke-landsberg.de/stromnetz/technische-mindestanforderungen-strom;2026-09-18;Firmiert laut Website als 'Stadtwerke Landsberg KU'.
Stadtwerke Landshut;Kommunaler Eigenbetrieb der Stadt Landshut;Christoph-Dorner-Straße 9;84028;Landshut;BY;0800 0871 871;info@stadtwerke-landshut.de;https://www.stadtwerke-landshut.de;https://www.stadtwerke-landshut.de/wp-content/uploads/Technische-Anschlussbedingungen-Niederspannung.pdf;Version NE2240220 (genaues Datum nicht extrahiert);n/a - nicht verifiziert;https://www.stadtwerke-landshut.de/impressum;2026-09-18;-
Stadtwerke Langenzenn;n/a;n/a;n/a;Langenzenn;BY;n/a;n/a;n/a;n/a;n/a;n/a;https://www.regulierungskammer-bayern.de/fileadmin/user_upload/regulierungskammer/Dokumente/Zustaendigkeiten/2026-06-08-Regulierungskammer-Netzbetreiberliste-Strom-2026.pdf;2026-09-18;Kleiner/lokaler VNB laut offizieller Netzbetreiberliste der Bayerischen Landesregulierungsbehoerde (Stand 08.06.2026). Adresse/Telefon/Email/Website/TAB-Link im Rahmen dieser Recherche NICHT individuell verifiziert (Zeit- und Suchbudget begrenzt, WebSearch-Kontingent aufgebraucht) - vor Nutzung auf offizieller Quelle bzw. Firmenwebsite pruefen.
StWL Städtische Werke Lauf a.d. Pegnitz GmbH;GmbH;n/a;n/a;Lauf a.d. Pegnitz;BY;n/a;n/a;n/a;n/a;n/a;n/a;https://www.regulierungskammer-bayern.de/fileadmin/user_upload/regulierungskammer/Dokumente/Zustaendigkeiten/2026-06-08-Regulierungskammer-Netzbetreiberliste-Strom-2026.pdf;2026-09-18;Kleiner/lokaler VNB laut offizieller Netzbetreiberliste der Bayerischen Landesregulierungsbehoerde (Stand 08.06.2026). Adresse/Telefon/Email/Website/TAB-Link im Rahmen dieser Recherche NICHT individuell verifiziert (Zeit- und Suchbudget begrenzt, WebSearch-Kontingent aufgebraucht) - vor Nutzung auf offizieller Quelle bzw. Firmenwebsite pruefen.
Stromversorgung Neunkirchen GmbH;GmbH;n/a;n/a;Lauf a.d. Pegnitz;BY;n/a;n/a;n/a;n/a;n/a;n/a;https://www.regulierungskammer-bayern.de/fileadmin/user_upload/regulierungskammer/Dokumente/Zustaendigkeiten/2026-06-08-Regulierungskammer-Netzbetreiberliste-Strom-2026.pdf;2026-09-18;Kleiner/lokaler VNB laut offizieller Netzbetreiberliste der Bayerischen Landesregulierungsbehoerde (Stand 08.06.2026). Adresse/Telefon/Email/Website/TAB-Link im Rahmen dieser Recherche NICHT individuell verifiziert (Zeit- und Suchbudget begrenzt, WebSearch-Kontingent aufgebraucht) - vor Nutzung auf offizieller Quelle bzw. Firmenwebsite pruefen.
Markt Lichtenau;Kommune (Gebietskörperschaft);n/a;n/a;Lichtenau;BY;n/a;n/a;n/a;n/a;n/a;n/a;https://www.regulierungskammer-bayern.de/fileadmin/user_upload/regulierungskammer/Dokumente/Zustaendigkeiten/2026-06-08-Regulierungskammer-Netzbetreiberliste-Strom-2026.pdf;2026-09-18;Kleiner/lokaler VNB laut offizieller Netzbetreiberliste der Bayerischen Landesregulierungsbehoerde (Stand 08.06.2026). Adresse/Telefon/Email/Website/TAB-Link im Rahmen dieser Recherche NICHT individuell verifiziert (Zeit- und Suchbudget begrenzt, WebSearch-Kontingent aufgebraucht) - vor Nutzung auf offizieller Quelle bzw. Firmenwebsite pruefen.
Elektrizitätsnetze Allgäu GmbH;GmbH;n/a;n/a;Lindenberg;BY;n/a;n/a;n/a;n/a;n/a;n/a;https://www.regulierungskammer-bayern.de/fileadmin/user_upload/regulierungskammer/Dokumente/Zustaendigkeiten/2026-06-08-Regulierungskammer-Netzbetreiberliste-Strom-2026.pdf;2026-09-18;Kleiner/lokaler VNB laut offizieller Netzbetreiberliste der Bayerischen Landesregulierungsbehoerde (Stand 08.06.2026). Adresse/Telefon/Email/Website/TAB-Link im Rahmen dieser Recherche NICHT individuell verifiziert (Zeit- und Suchbudget begrenzt, WebSearch-Kontingent aufgebraucht) - vor Nutzung auf offizieller Quelle bzw. Firmenwebsite pruefen.
Vorarlberger Energienetze GmbH;GmbH;n/a;n/a;Lindenberg;BY;n/a;n/a;n/a;n/a;n/a;n/a;https://www.regulierungskammer-bayern.de/fileadmin/user_upload/regulierungskammer/Dokumente/Zustaendigkeiten/2026-06-08-Regulierungskammer-Netzbetreiberliste-Strom-2026.pdf;2026-09-18;Kleiner/lokaler VNB laut offizieller Netzbetreiberliste der Bayerischen Landesregulierungsbehoerde (Stand 08.06.2026). Adresse/Telefon/Email/Website/TAB-Link im Rahmen dieser Recherche NICHT individuell verifiziert (Zeit- und Suchbudget begrenzt, WebSearch-Kontingent aufgebraucht) - vor Nutzung auf offizieller Quelle bzw. Firmenwebsite pruefen.
EVU Späth e.K.;e.K.;n/a;n/a;Lohberg;BY;n/a;n/a;n/a;n/a;n/a;n/a;https://www.regulierungskammer-bayern.de/fileadmin/user_upload/regulierungskammer/Dokumente/Zustaendigkeiten/2026-06-08-Regulierungskammer-Netzbetreiberliste-Strom-2026.pdf;2026-09-18;Kleiner/lokaler VNB laut offizieller Netzbetreiberliste der Bayerischen Landesregulierungsbehoerde (Stand 08.06.2026). Adresse/Telefon/Email/Website/TAB-Link im Rahmen dieser Recherche NICHT individuell verifiziert (Zeit- und Suchbudget begrenzt, WebSearch-Kontingent aufgebraucht) - vor Nutzung auf offizieller Quelle bzw. Firmenwebsite pruefen.
ÜZ Mainfranken eG;eG;n/a;n/a;Lülsfeld;BY;n/a;n/a;n/a;n/a;n/a;n/a;https://www.regulierungskammer-bayern.de/fileadmin/user_upload/regulierungskammer/Dokumente/Zustaendigkeiten/2026-06-08-Regulierungskammer-Netzbetreiberliste-Strom-2026.pdf;2026-09-18;Eintrag stammt aus Sonderkategorie 'h. Regulierungskammer' der offiziellen Liste - moeglicherweise Betreiber eines geschlossenen Verteilernetzes/Arealnetzes (z.B. Flughafen, Gewerbepark, Einkaufszentrum) statt eines allgemeinen oeffentlichen Niederspannungsnetzes fuer Endkunden, vor Nutzung pruefen. Adresse/Telefon/Email/Website/TAB-Link nicht individuell verifiziert.
Elektrizitätswerk Mainbernheim Gesellschaft mit beschränkter Haftung;GmbH;n/a;n/a;Mainbernheim;BY;n/a;n/a;n/a;n/a;n/a;n/a;https://www.regulierungskammer-bayern.de/fileadmin/user_upload/regulierungskammer/Dokumente/Zustaendigkeiten/2026-06-08-Regulierungskammer-Netzbetreiberliste-Strom-2026.pdf;2026-09-18;Kleiner/lokaler VNB laut offizieller Netzbetreiberliste der Bayerischen Landesregulierungsbehoerde (Stand 08.06.2026). Adresse/Telefon/Email/Website/TAB-Link im Rahmen dieser Recherche NICHT individuell verifiziert (Zeit- und Suchbudget begrenzt, WebSearch-Kontingent aufgebraucht) - vor Nutzung auf offizieller Quelle bzw. Firmenwebsite pruefen.
Stadtwerke Memmingen;Kommunaler Eigenbetrieb der Stadt Memmingen;Gaswerkstrasse 17;87700;Memmingen;BY;08331/8556-0;info@stadtwerke-memmingen.de;https://stadtwerke-memmingen.de;n/a - nicht gefunden (Netz-Seite fokussiert auf Gas/Wasser, Strom-TAB nicht direkt verlinkt);n/a;n/a;https://stadtwerke-memmingen.de/netze | https://stadtwerke-memmingen.de/impressum;2026-09-18;In der offiziellen Bayerischen Netzbetreiberliste (Landesregulierungsbehörde) NICHT als eigener Eintrag gefunden - evtl. bundesnetzagentur-reguliert (>100.000 Zählpunkte) oder anders firmiert, Ansprechpartner Netz laut Website: Herr Geske, Tel. 08331/8556-0.
EMB Energieversorgung Miltenberg-Bürgstadt GmbH & Co. KG;GmbH & Co. KG;n/a;n/a;Miltenberg;BY;n/a;n/a;n/a;n/a;n/a;n/a;https://www.regulierungskammer-bayern.de/fileadmin/user_upload/regulierungskammer/Dokumente/Zustaendigkeiten/2026-06-08-Regulierungskammer-Netzbetreiberliste-Strom-2026.pdf;2026-09-18;Kleiner/lokaler VNB laut offizieller Netzbetreiberliste der Bayerischen Landesregulierungsbehoerde (Stand 08.06.2026). Adresse/Telefon/Email/Website/TAB-Link im Rahmen dieser Recherche NICHT individuell verifiziert (Zeit- und Suchbudget begrenzt, WebSearch-Kontingent aufgebraucht) - vor Nutzung auf offizieller Quelle bzw. Firmenwebsite pruefen.
KEW Karwendel Energie und Wasser GmbH;GmbH;n/a;n/a;Mittenwald;BY;n/a;n/a;n/a;n/a;n/a;n/a;https://www.regulierungskammer-bayern.de/fileadmin/user_upload/regulierungskammer/Dokumente/Zustaendigkeiten/2026-06-08-Regulierungskammer-Netzbetreiberliste-Strom-2026.pdf;2026-09-18;Kleiner/lokaler VNB laut offizieller Netzbetreiberliste der Bayerischen Landesregulierungsbehoerde (Stand 08.06.2026). Adresse/Telefon/Email/Website/TAB-Link im Rahmen dieser Recherche NICHT individuell verifiziert (Zeit- und Suchbudget begrenzt, WebSearch-Kontingent aufgebraucht) - vor Nutzung auf offizieller Quelle bzw. Firmenwebsite pruefen.
Kommunale Energienetze Inn-Salzach GmbH & Co. KG;GmbH & Co. KG;n/a;n/a;Mühldorf a. Inn;BY;n/a;n/a;n/a;n/a;n/a;n/a;https://www.regulierungskammer-bayern.de/fileadmin/user_upload/regulierungskammer/Dokumente/Zustaendigkeiten/2026-06-08-Regulierungskammer-Netzbetreiberliste-Strom-2026.pdf;2026-09-18;Kleiner/lokaler VNB laut offizieller Netzbetreiberliste der Bayerischen Landesregulierungsbehoerde (Stand 08.06.2026). Adresse/Telefon/Email/Website/TAB-Link im Rahmen dieser Recherche NICHT individuell verifiziert (Zeit- und Suchbudget begrenzt, WebSearch-Kontingent aufgebraucht) - vor Nutzung auf offizieller Quelle bzw. Firmenwebsite pruefen.
Stadtwerke Münchberg;n/a;n/a;n/a;Münchberg;BY;n/a;n/a;n/a;n/a;n/a;n/a;https://www.regulierungskammer-bayern.de/fileadmin/user_upload/regulierungskammer/Dokumente/Zustaendigkeiten/2026-06-08-Regulierungskammer-Netzbetreiberliste-Strom-2026.pdf;2026-09-18;Kleiner/lokaler VNB laut offizieller Netzbetreiberliste der Bayerischen Landesregulierungsbehoerde (Stand 08.06.2026). Adresse/Telefon/Email/Website/TAB-Link im Rahmen dieser Recherche NICHT individuell verifiziert (Zeit- und Suchbudget begrenzt, WebSearch-Kontingent aufgebraucht) - vor Nutzung auf offizieller Quelle bzw. Firmenwebsite pruefen.
Flughafen München Gesellschaft mit beschränkter Haftung;GmbH;n/a;n/a;München;BY;n/a;n/a;n/a;n/a;n/a;n/a;https://www.regulierungskammer-bayern.de/fileadmin/user_upload/regulierungskammer/Dokumente/Zustaendigkeiten/2026-06-08-Regulierungskammer-Netzbetreiberliste-Strom-2026.pdf;2026-09-18;Eintrag stammt aus Sonderkategorie 'h. Regulierungskammer' der offiziellen Liste - moeglicherweise Betreiber eines geschlossenen Verteilernetzes/Arealnetzes (z.B. Flughafen, Gewerbepark, Einkaufszentrum) statt eines allgemeinen oeffentlichen Niederspannungsnetzes fuer Endkunden, vor Nutzung pruefen. Adresse/Telefon/Email/Website/TAB-Link nicht individuell verifiziert.
QuartiersNetz Bayern GmbH;GmbH;n/a;n/a;München;BY;n/a;n/a;n/a;n/a;n/a;n/a;https://www.regulierungskammer-bayern.de/fileadmin/user_upload/regulierungskammer/Dokumente/Zustaendigkeiten/2026-06-08-Regulierungskammer-Netzbetreiberliste-Strom-2026.pdf;2026-09-18;Eintrag stammt aus Sonderkategorie 'h. Regulierungskammer' der offiziellen Liste - moeglicherweise Betreiber eines geschlossenen Verteilernetzes/Arealnetzes (z.B. Flughafen, Gewerbepark, Einkaufszentrum) statt eines allgemeinen oeffentlichen Niederspannungsnetzes fuer Endkunden, vor Nutzung pruefen. Adresse/Telefon/Email/Website/TAB-Link nicht individuell verifiziert.
SWM Infrastruktur GmbH & Co. KG;GmbH & Co. KG;Emmy-Noether-Straße 2;80992;München;BY;0800 796 638 9;infrastruktur@swm-infrastruktur.de;https://www.swm-infrastruktur.de;https://www.swm-infrastruktur.de/dam/swm-infrastruktur/dokumente/strom/netzanschluss/bdew-tab-2023.pdf;TAB 2023 (BDEW Bundesmusterwortlaut);"SWM Netzanschlussportal (Existenz laut AGB-Dokument ""agb-netzanschlussportal.pdf"" auf der Website bestätigt, genauer Portal-Link nicht einzeln verifiziert)";https://www.swm-infrastruktur.de/info/impressum | https://www.swm-infrastruktur.de/netzanschluss/strom/technische-mindestanforderungen;2026-09-18;Netzbetreiber für München (Strom/Gas/Wasser/Fernwärme), SWM-Konzern.
werkkraft GmbH;GmbH;n/a;n/a;München;BY;n/a;n/a;n/a;n/a;n/a;n/a;https://www.regulierungskammer-bayern.de/fileadmin/user_upload/regulierungskammer/Dokumente/Zustaendigkeiten/2026-06-08-Regulierungskammer-Netzbetreiberliste-Strom-2026.pdf;2026-09-18;Kleiner/lokaler VNB laut offizieller Netzbetreiberliste der Bayerischen Landesregulierungsbehoerde (Stand 08.06.2026). Adresse/Telefon/Email/Website/TAB-Link im Rahmen dieser Recherche NICHT individuell verifiziert (Zeit- und Suchbudget begrenzt, WebSearch-Kontingent aufgebraucht) - vor Nutzung auf offizieller Quelle bzw. Firmenwebsite pruefen.
Stadtwerke Neuburg a.d. Donau;n/a;n/a;n/a;Neuburg a.d.Donau;BY;n/a;n/a;n/a;n/a;n/a;n/a;https://www.regulierungskammer-bayern.de/fileadmin/user_upload/regulierungskammer/Dokumente/Zustaendigkeiten/2026-06-08-Regulierungskammer-Netzbetreiberliste-Strom-2026.pdf;2026-09-18;Kleiner/lokaler VNB laut offizieller Netzbetreiberliste der Bayerischen Landesregulierungsbehoerde (Stand 08.06.2026). Adresse/Telefon/Email/Website/TAB-Link im Rahmen dieser Recherche NICHT individuell verifiziert (Zeit- und Suchbudget begrenzt, WebSearch-Kontingent aufgebraucht) - vor Nutzung auf offizieller Quelle bzw. Firmenwebsite pruefen.
Gemeindewerke Neuendettelsau;n/a;n/a;n/a;Neuendettelsau;BY;n/a;n/a;n/a;n/a;n/a;n/a;https://www.regulierungskammer-bayern.de/fileadmin/user_upload/regulierungskammer/Dokumente/Zustaendigkeiten/2026-06-08-Regulierungskammer-Netzbetreiberliste-Strom-2026.pdf;2026-09-18;Kleiner/lokaler VNB laut offizieller Netzbetreiberliste der Bayerischen Landesregulierungsbehoerde (Stand 08.06.2026). Adresse/Telefon/Email/Website/TAB-Link im Rahmen dieser Recherche NICHT individuell verifiziert (Zeit- und Suchbudget begrenzt, WebSearch-Kontingent aufgebraucht) - vor Nutzung auf offizieller Quelle bzw. Firmenwebsite pruefen.
Stadtwerke Neumarkt i.d.OPf. Energie GmbH;GmbH;n/a;n/a;Neumarkt i. d. Opf.;BY;n/a;n/a;n/a;n/a;n/a;n/a;https://www.regulierungskammer-bayern.de/fileadmin/user_upload/regulierungskammer/Dokumente/Zustaendigkeiten/2026-06-08-Regulierungskammer-Netzbetreiberliste-Strom-2026.pdf;2026-09-18;Kleiner/lokaler VNB laut offizieller Netzbetreiberliste der Bayerischen Landesregulierungsbehoerde (Stand 08.06.2026). Adresse/Telefon/Email/Website/TAB-Link im Rahmen dieser Recherche NICHT individuell verifiziert (Zeit- und Suchbudget begrenzt, WebSearch-Kontingent aufgebraucht) - vor Nutzung auf offizieller Quelle bzw. Firmenwebsite pruefen.
Stadtwerke Neunburg vorm Wald Strom GmbH;GmbH;n/a;n/a;Neunburg v. Wald;BY;n/a;n/a;n/a;n/a;n/a;n/a;https://www.regulierungskammer-bayern.de/fileadmin/user_upload/regulierungskammer/Dokumente/Zustaendigkeiten/2026-06-08-Regulierungskammer-Netzbetreiberliste-Strom-2026.pdf;2026-09-18;Kleiner/lokaler VNB laut offizieller Netzbetreiberliste der Bayerischen Landesregulierungsbehoerde (Stand 08.06.2026). Adresse/Telefon/Email/Website/TAB-Link im Rahmen dieser Recherche NICHT individuell verifiziert (Zeit- und Suchbudget begrenzt, WebSearch-Kontingent aufgebraucht) - vor Nutzung auf offizieller Quelle bzw. Firmenwebsite pruefen.
Stadtwerke Neustadt a. d. Aisch GmbH;GmbH;n/a;n/a;Neustadt a.d. Aisch;BY;n/a;n/a;n/a;n/a;n/a;n/a;https://www.regulierungskammer-bayern.de/fileadmin/user_upload/regulierungskammer/Dokumente/Zustaendigkeiten/2026-06-08-Regulierungskammer-Netzbetreiberliste-Strom-2026.pdf;2026-09-18;Kleiner/lokaler VNB laut offizieller Netzbetreiberliste der Bayerischen Landesregulierungsbehoerde (Stand 08.06.2026). Adresse/Telefon/Email/Website/TAB-Link im Rahmen dieser Recherche NICHT individuell verifiziert (Zeit- und Suchbudget begrenzt, WebSearch-Kontingent aufgebraucht) - vor Nutzung auf offizieller Quelle bzw. Firmenwebsite pruefen.
Stadtwerke Neustadt a.d. Donau;n/a;n/a;n/a;Neustadt a.d. Donau;BY;n/a;n/a;n/a;n/a;n/a;n/a;https://www.regulierungskammer-bayern.de/fileadmin/user_upload/regulierungskammer/Dokumente/Zustaendigkeiten/2026-06-08-Regulierungskammer-Netzbetreiberliste-Strom-2026.pdf;2026-09-18;Kleiner/lokaler VNB laut offizieller Netzbetreiberliste der Bayerischen Landesregulierungsbehoerde (Stand 08.06.2026). Adresse/Telefon/Email/Website/TAB-Link im Rahmen dieser Recherche NICHT individuell verifiziert (Zeit- und Suchbudget begrenzt, WebSearch-Kontingent aufgebraucht) - vor Nutzung auf offizieller Quelle bzw. Firmenwebsite pruefen.
SWN Stadtwerke Neustadt GmbH;GmbH;n/a;n/a;Neustadt b. Coburg;BY;n/a;n/a;n/a;n/a;n/a;n/a;https://www.regulierungskammer-bayern.de/fileadmin/user_upload/regulierungskammer/Dokumente/Zustaendigkeiten/2026-06-08-Regulierungskammer-Netzbetreiberliste-Strom-2026.pdf;2026-09-18;Kleiner/lokaler VNB laut offizieller Netzbetreiberliste der Bayerischen Landesregulierungsbehoerde (Stand 08.06.2026). Adresse/Telefon/Email/Website/TAB-Link im Rahmen dieser Recherche NICHT individuell verifiziert (Zeit- und Suchbudget begrenzt, WebSearch-Kontingent aufgebraucht) - vor Nutzung auf offizieller Quelle bzw. Firmenwebsite pruefen.
Elektrizitätsgenossenschaft Nordhalben u. Umgebung e.G.;eG;n/a;n/a;Nordhalben;BY;n/a;n/a;n/a;n/a;n/a;n/a;https://www.regulierungskammer-bayern.de/fileadmin/user_upload/regulierungskammer/Dokumente/Zustaendigkeiten/2026-06-08-Regulierungskammer-Netzbetreiberliste-Strom-2026.pdf;2026-09-18;Kleiner/lokaler VNB laut offizieller Netzbetreiberliste der Bayerischen Landesregulierungsbehoerde (Stand 08.06.2026). Adresse/Telefon/Email/Website/TAB-Link im Rahmen dieser Recherche NICHT individuell verifiziert (Zeit- und Suchbudget begrenzt, WebSearch-Kontingent aufgebraucht) - vor Nutzung auf offizieller Quelle bzw. Firmenwebsite pruefen.
Gemeindewerke Nüdlingen;n/a;n/a;n/a;Nüdlingen;BY;n/a;n/a;n/a;n/a;n/a;n/a;https://www.regulierungskammer-bayern.de/fileadmin/user_upload/regulierungskammer/Dokumente/Zustaendigkeiten/2026-06-08-Regulierungskammer-Netzbetreiberliste-Strom-2026.pdf;2026-09-18;Kleiner/lokaler VNB laut offizieller Netzbetreiberliste der Bayerischen Landesregulierungsbehoerde (Stand 08.06.2026). Adresse/Telefon/Email/Website/TAB-Link im Rahmen dieser Recherche NICHT individuell verifiziert (Zeit- und Suchbudget begrenzt, WebSearch-Kontingent aufgebraucht) - vor Nutzung auf offizieller Quelle bzw. Firmenwebsite pruefen.
Flughafen Nürnberg Energie GmbH;GmbH;n/a;n/a;Nürnberg;BY;n/a;n/a;n/a;n/a;n/a;n/a;https://www.regulierungskammer-bayern.de/fileadmin/user_upload/regulierungskammer/Dokumente/Zustaendigkeiten/2026-06-08-Regulierungskammer-Netzbetreiberliste-Strom-2026.pdf;2026-09-18;Eintrag stammt aus Sonderkategorie 'h. Regulierungskammer' der offiziellen Liste - moeglicherweise Betreiber eines geschlossenen Verteilernetzes/Arealnetzes (z.B. Flughafen, Gewerbepark, Einkaufszentrum) statt eines allgemeinen oeffentlichen Niederspannungsnetzes fuer Endkunden, vor Nutzung pruefen. Adresse/Telefon/Email/Website/TAB-Link nicht individuell verifiziert.
N-ERGIE Netz GmbH;GmbH;Sandreuthstraße 21;90441;Nürnberg;BY;0911 802-02;kundenservice@n-ergie-netz.de;https://www.n-ergie-netz.de;https://www.n-ergie-netz.de/public/remotemedien/media/nng/partner_2/installateur_1/info_1/strom_9/N_TAB_2019_Bundesmusterwortlaut_v_20190925_Anpassung_Kap_5_1.pdf;BDEW-Bundesmusterwortlaut TAB, gültig ab 27.04.2019, Anpassung Kap. 5.1 vom 25.09.2019 - wirkt älter als die TAB-2023-Version anderer VNB;n/a - nicht verifiziert;https://www.n-ergie-netz.de/startseite/footer/impressum | https://www.n-ergie-netz.de/startseite_alt/produkte-dienstleistungen/netzanschluss/recht-und-technik;2026-09-18;Zweitgrößter VNB Bayerns, Region Nürnberg/Mittelfranken. Gefundenes TAB-Datum wirkt älter (2019) als die 2023-Bundesmusterwortlaut-Version anderer VNB - evtl. existiert eine neuere Version auf n-ergie-netz.de, die per WebSearch nicht mehr gefunden werden konnte (Suchkontingent während der Recherche aufgebraucht), vor Nutzung prüfen.
Gemeindewerke Oberaudorf;n/a;n/a;n/a;Oberaudorf;BY;n/a;n/a;n/a;n/a;n/a;n/a;https://www.regulierungskammer-bayern.de/fileadmin/user_upload/regulierungskammer/Dokumente/Zustaendigkeiten/2026-06-08-Regulierungskammer-Netzbetreiberliste-Strom-2026.pdf;2026-09-18;Kleiner/lokaler VNB laut offizieller Netzbetreiberliste der Bayerischen Landesregulierungsbehoerde (Stand 08.06.2026). Adresse/Telefon/Email/Website/TAB-Link im Rahmen dieser Recherche NICHT individuell verifiziert (Zeit- und Suchbudget begrenzt, WebSearch-Kontingent aufgebraucht) - vor Nutzung auf offizieller Quelle bzw. Firmenwebsite pruefen.
Mainsite GmbH & Co. KG;GmbH & Co. KG;n/a;n/a;Obernburg;BY;n/a;n/a;n/a;n/a;n/a;n/a;https://www.regulierungskammer-bayern.de/fileadmin/user_upload/regulierungskammer/Dokumente/Zustaendigkeiten/2026-06-08-Regulierungskammer-Netzbetreiberliste-Strom-2026.pdf;2026-09-18;Kleiner/lokaler VNB laut offizieller Netzbetreiberliste der Bayerischen Landesregulierungsbehoerde (Stand 08.06.2026). Adresse/Telefon/Email/Website/TAB-Link im Rahmen dieser Recherche NICHT individuell verifiziert (Zeit- und Suchbudget begrenzt, WebSearch-Kontingent aufgebraucht) - vor Nutzung auf offizieller Quelle bzw. Firmenwebsite pruefen.
Markt Obernzell Elektrizitätsversorgungsunternehmen;Kommune (Gebietskörperschaft);n/a;n/a;Obernzell;BY;n/a;n/a;n/a;n/a;n/a;n/a;https://www.regulierungskammer-bayern.de/fileadmin/user_upload/regulierungskammer/Dokumente/Zustaendigkeiten/2026-06-08-Regulierungskammer-Netzbetreiberliste-Strom-2026.pdf;2026-09-18;Kleiner/lokaler VNB laut offizieller Netzbetreiberliste der Bayerischen Landesregulierungsbehoerde (Stand 08.06.2026). Adresse/Telefon/Email/Website/TAB-Link im Rahmen dieser Recherche NICHT individuell verifiziert (Zeit- und Suchbudget begrenzt, WebSearch-Kontingent aufgebraucht) - vor Nutzung auf offizieller Quelle bzw. Firmenwebsite pruefen.
Weißachtal-Kraftwerke eG;eG;n/a;n/a;Oberstaufen;BY;n/a;n/a;n/a;n/a;n/a;n/a;https://www.regulierungskammer-bayern.de/fileadmin/user_upload/regulierungskammer/Dokumente/Zustaendigkeiten/2026-06-08-Regulierungskammer-Netzbetreiberliste-Strom-2026.pdf;2026-09-18;Kleiner/lokaler VNB laut offizieller Netzbetreiberliste der Bayerischen Landesregulierungsbehoerde (Stand 08.06.2026). Adresse/Telefon/Email/Website/TAB-Link im Rahmen dieser Recherche NICHT individuell verifiziert (Zeit- und Suchbudget begrenzt, WebSearch-Kontingent aufgebraucht) - vor Nutzung auf offizieller Quelle bzw. Firmenwebsite pruefen.
Elektrizitätswerk Oberwössen eG;eG;n/a;n/a;Oberwössen;BY;n/a;n/a;n/a;n/a;n/a;n/a;https://www.regulierungskammer-bayern.de/fileadmin/user_upload/regulierungskammer/Dokumente/Zustaendigkeiten/2026-06-08-Regulierungskammer-Netzbetreiberliste-Strom-2026.pdf;2026-09-18;Kleiner/lokaler VNB laut offizieller Netzbetreiberliste der Bayerischen Landesregulierungsbehoerde (Stand 08.06.2026). Adresse/Telefon/Email/Website/TAB-Link im Rahmen dieser Recherche NICHT individuell verifiziert (Zeit- und Suchbudget begrenzt, WebSearch-Kontingent aufgebraucht) - vor Nutzung auf offizieller Quelle bzw. Firmenwebsite pruefen.
Elektrizitätsgenossenschaft Ohlstadt eG;eG;n/a;n/a;Ohlstadt;BY;n/a;n/a;n/a;n/a;n/a;n/a;https://www.regulierungskammer-bayern.de/fileadmin/user_upload/regulierungskammer/Dokumente/Zustaendigkeiten/2026-06-08-Regulierungskammer-Netzbetreiberliste-Strom-2026.pdf;2026-09-18;Kleiner/lokaler VNB laut offizieller Netzbetreiberliste der Bayerischen Landesregulierungsbehoerde (Stand 08.06.2026). Adresse/Telefon/Email/Website/TAB-Link im Rahmen dieser Recherche NICHT individuell verifiziert (Zeit- und Suchbudget begrenzt, WebSearch-Kontingent aufgebraucht) - vor Nutzung auf offizieller Quelle bzw. Firmenwebsite pruefen.
Stadtwerke Olching Stromnetz GmbH & Co. KG;GmbH & Co. KG;Ilzweg 1;82140;Olching;BY;n/a - nur Stoerungsnummer +49 941 28003366 gefunden (wirkt wie zentrale Regionalnummer, evtl. gemeinsam mit Weilheim/Bayernwerk-Dienstleister genutzt);info@stromnetz-olching.de;https://www.stromnetz-olching.de;https://assets.stromnetz-olching.de/media/downloads/2026/03/03/Technische_Anschlussbedingungen_2023_und_technische_Mindestanforderungen.pdf;TAB 2023 (technische Mindestanforderungen);n/a;https://www.stromnetz-olching.de/strom/netzanschluss/technische-anschlussbedingungen/;2026-09-18;Betriebsfuehrung vermutlich durch Bayernwerk/Dienstleister (TAB verweist auf Bayernwerk Netz GmbH Niederspannungsbedingungen, Stoerungsnummer mit Vorwahl 0941 = Regensburg, identisch mit Weilheim-Eintrag).
Stadtwerke Pappenheim GmbH;GmbH;n/a;n/a;Pappenheim;BY;n/a;n/a;n/a;n/a;n/a;n/a;https://www.regulierungskammer-bayern.de/fileadmin/user_upload/regulierungskammer/Dokumente/Zustaendigkeiten/2026-06-08-Regulierungskammer-Netzbetreiberliste-Strom-2026.pdf;2026-09-18;Kleiner/lokaler VNB laut offizieller Netzbetreiberliste der Bayerischen Landesregulierungsbehoerde (Stand 08.06.2026). Adresse/Telefon/Email/Website/TAB-Link im Rahmen dieser Recherche NICHT individuell verifiziert (Zeit- und Suchbudget begrenzt, WebSearch-Kontingent aufgebraucht) - vor Nutzung auf offizieller Quelle bzw. Firmenwebsite pruefen.
Gemeindewerke Partenstein;n/a;n/a;n/a;Partenstein;BY;n/a;n/a;n/a;n/a;n/a;n/a;https://www.regulierungskammer-bayern.de/fileadmin/user_upload/regulierungskammer/Dokumente/Zustaendigkeiten/2026-06-08-Regulierungskammer-Netzbetreiberliste-Strom-2026.pdf;2026-09-18;Kleiner/lokaler VNB laut offizieller Netzbetreiberliste der Bayerischen Landesregulierungsbehoerde (Stand 08.06.2026). Adresse/Telefon/Email/Website/TAB-Link im Rahmen dieser Recherche NICHT individuell verifiziert (Zeit- und Suchbudget begrenzt, WebSearch-Kontingent aufgebraucht) - vor Nutzung auf offizieller Quelle bzw. Firmenwebsite pruefen.
Stadtwerke Passau GmbH;GmbH;Regensburger Straße 29;94036;Passau;BY;0851 560-0 (24h-Notdienst: 0851 6069);servicezentrum@stadtwerke-passau.de;https://www.stadtwerke-passau.de;n/a - Downloadcenter vorhanden, Direktlink nicht extrahiert;n/a;n/a;https://www.stadtwerke-passau.de/impressum | https://www.stadtwerke-passau.de/service/downloadcenter;2026-09-18;-
Kommunalunternehmen Gemeindewerke Peißenberg;Kommunalunternehmen (KU);n/a;n/a;Peißenberg;BY;n/a;n/a;n/a;n/a;n/a;n/a;https://www.regulierungskammer-bayern.de/fileadmin/user_upload/regulierungskammer/Dokumente/Zustaendigkeiten/2026-06-08-Regulierungskammer-Netzbetreiberliste-Strom-2026.pdf;2026-09-18;Kleiner/lokaler VNB laut offizieller Netzbetreiberliste der Bayerischen Landesregulierungsbehoerde (Stand 08.06.2026). Adresse/Telefon/Email/Website/TAB-Link im Rahmen dieser Recherche NICHT individuell verifiziert (Zeit- und Suchbudget begrenzt, WebSearch-Kontingent aufgebraucht) - vor Nutzung auf offizieller Quelle bzw. Firmenwebsite pruefen.
Elektrizitäts-Versorgungs- Genossenschaft Perlesreut eingetragene Genossenschaft;eG;n/a;n/a;Perlesreut;BY;n/a;n/a;n/a;n/a;n/a;n/a;https://www.regulierungskammer-bayern.de/fileadmin/user_upload/regulierungskammer/Dokumente/Zustaendigkeiten/2026-06-08-Regulierungskammer-Netzbetreiberliste-Strom-2026.pdf;2026-09-18;Kleiner/lokaler VNB laut offizieller Netzbetreiberliste der Bayerischen Landesregulierungsbehoerde (Stand 08.06.2026). Adresse/Telefon/Email/Website/TAB-Link im Rahmen dieser Recherche NICHT individuell verifiziert (Zeit- und Suchbudget begrenzt, WebSearch-Kontingent aufgebraucht) - vor Nutzung auf offizieller Quelle bzw. Firmenwebsite pruefen.
Stromversorgung Pfaffenhofen a. d. Ilm GmbH & Co. KG;GmbH & Co. KG;n/a;n/a;Pfaffenhofen a. d. Ilm;BY;n/a;n/a;n/a;n/a;n/a;n/a;https://www.regulierungskammer-bayern.de/fileadmin/user_upload/regulierungskammer/Dokumente/Zustaendigkeiten/2026-06-08-Regulierungskammer-Netzbetreiberliste-Strom-2026.pdf;2026-09-18;Kleiner/lokaler VNB laut offizieller Netzbetreiberliste der Bayerischen Landesregulierungsbehoerde (Stand 08.06.2026). Adresse/Telefon/Email/Website/TAB-Link im Rahmen dieser Recherche NICHT individuell verifiziert (Zeit- und Suchbudget begrenzt, WebSearch-Kontingent aufgebraucht) - vor Nutzung auf offizieller Quelle bzw. Firmenwebsite pruefen.
Stadtwerke Pfarrkirchen;n/a;n/a;n/a;Pfarrkirchen;BY;n/a;n/a;n/a;n/a;n/a;n/a;https://www.regulierungskammer-bayern.de/fileadmin/user_upload/regulierungskammer/Dokumente/Zustaendigkeiten/2026-06-08-Regulierungskammer-Netzbetreiberliste-Strom-2026.pdf;2026-09-18;Kleiner/lokaler VNB laut offizieller Netzbetreiberliste der Bayerischen Landesregulierungsbehoerde (Stand 08.06.2026). Adresse/Telefon/Email/Website/TAB-Link im Rahmen dieser Recherche NICHT individuell verifiziert (Zeit- und Suchbudget begrenzt, WebSearch-Kontingent aufgebraucht) - vor Nutzung auf offizieller Quelle bzw. Firmenwebsite pruefen.
Elektra - Genossenschaft Pinzberg eG;eG;n/a;n/a;Pinzberg;BY;n/a;n/a;n/a;n/a;n/a;n/a;https://www.regulierungskammer-bayern.de/fileadmin/user_upload/regulierungskammer/Dokumente/Zustaendigkeiten/2026-06-08-Regulierungskammer-Netzbetreiberliste-Strom-2026.pdf;2026-09-18;Kleiner/lokaler VNB laut offizieller Netzbetreiberliste der Bayerischen Landesregulierungsbehoerde (Stand 08.06.2026). Adresse/Telefon/Email/Website/TAB-Link im Rahmen dieser Recherche NICHT individuell verifiziert (Zeit- und Suchbudget begrenzt, WebSearch-Kontingent aufgebraucht) - vor Nutzung auf offizieller Quelle bzw. Firmenwebsite pruefen.
Stadtwerke Plattling;n/a;n/a;n/a;Plattling;BY;n/a;n/a;n/a;n/a;n/a;n/a;https://www.regulierungskammer-bayern.de/fileadmin/user_upload/regulierungskammer/Dokumente/Zustaendigkeiten/2026-06-08-Regulierungskammer-Netzbetreiberliste-Strom-2026.pdf;2026-09-18;Kleiner/lokaler VNB laut offizieller Netzbetreiberliste der Bayerischen Landesregulierungsbehoerde (Stand 08.06.2026). Adresse/Telefon/Email/Website/TAB-Link im Rahmen dieser Recherche NICHT individuell verifiziert (Zeit- und Suchbudget begrenzt, WebSearch-Kontingent aufgebraucht) - vor Nutzung auf offizieller Quelle bzw. Firmenwebsite pruefen.
Gemeindewerke Pleinfeld;n/a;n/a;n/a;Pleinfeld;BY;n/a;n/a;n/a;n/a;n/a;n/a;https://www.regulierungskammer-bayern.de/fileadmin/user_upload/regulierungskammer/Dokumente/Zustaendigkeiten/2026-06-08-Regulierungskammer-Netzbetreiberliste-Strom-2026.pdf;2026-09-18;Kleiner/lokaler VNB laut offizieller Netzbetreiberliste der Bayerischen Landesregulierungsbehoerde (Stand 08.06.2026). Adresse/Telefon/Email/Website/TAB-Link im Rahmen dieser Recherche NICHT individuell verifiziert (Zeit- und Suchbudget begrenzt, WebSearch-Kontingent aufgebraucht) - vor Nutzung auf offizieller Quelle bzw. Firmenwebsite pruefen.
Stromnetz Pullach GmbH;GmbH;n/a;n/a;Pullach im Isartal;BY;n/a;n/a;n/a;n/a;n/a;n/a;https://www.regulierungskammer-bayern.de/fileadmin/user_upload/regulierungskammer/Dokumente/Zustaendigkeiten/2026-06-08-Regulierungskammer-Netzbetreiberliste-Strom-2026.pdf;2026-09-18;Kleiner/lokaler VNB laut offizieller Netzbetreiberliste der Bayerischen Landesregulierungsbehoerde (Stand 08.06.2026). Adresse/Telefon/Email/Website/TAB-Link im Rahmen dieser Recherche NICHT individuell verifiziert (Zeit- und Suchbudget begrenzt, WebSearch-Kontingent aufgebraucht) - vor Nutzung auf offizieller Quelle bzw. Firmenwebsite pruefen.
Energieversorgung Putzbrunn GmbH & Co. KG;GmbH & Co. KG;n/a;n/a;Putzbrunn;BY;n/a;n/a;n/a;n/a;n/a;n/a;https://www.regulierungskammer-bayern.de/fileadmin/user_upload/regulierungskammer/Dokumente/Zustaendigkeiten/2026-06-08-Regulierungskammer-Netzbetreiberliste-Strom-2026.pdf;2026-09-18;Kleiner/lokaler VNB laut offizieller Netzbetreiberliste der Bayerischen Landesregulierungsbehoerde (Stand 08.06.2026). Adresse/Telefon/Email/Website/TAB-Link im Rahmen dieser Recherche NICHT individuell verifiziert (Zeit- und Suchbudget begrenzt, WebSearch-Kontingent aufgebraucht) - vor Nutzung auf offizieller Quelle bzw. Firmenwebsite pruefen.
BTT Bauteam Tretzel GmbH;GmbH;n/a;n/a;Regensburg;BY;n/a;n/a;n/a;n/a;n/a;n/a;https://www.regulierungskammer-bayern.de/fileadmin/user_upload/regulierungskammer/Dokumente/Zustaendigkeiten/2026-06-08-Regulierungskammer-Netzbetreiberliste-Strom-2026.pdf;2026-09-18;Kleiner/lokaler VNB laut offizieller Netzbetreiberliste der Bayerischen Landesregulierungsbehoerde (Stand 08.06.2026). Adresse/Telefon/Email/Website/TAB-Link im Rahmen dieser Recherche NICHT individuell verifiziert (Zeit- und Suchbudget begrenzt, WebSearch-Kontingent aufgebraucht) - vor Nutzung auf offizieller Quelle bzw. Firmenwebsite pruefen.
Bayernwerk Netz GmbH;GmbH;Lilienthalstr. 7;93049;Regensburg;BY;n/a - auf Impressum-Seite technisch nicht auslesbar (JS-Rendering), nicht verifiziert;n/a - nicht verifiziert;https://www.bayernwerk-netz.de;https://www.bayernwerk-netz.de/content/dam/revu-global/bayernwerk-netz/files/kommunen/installateure/tab-2023-bdew-bundesmusterwortlaut.pdf;BDEW-Bundesmusterwortlaut TAB 2023 (genaues Versionsdatum auf PDF nicht extrahiert);n/a - vermutlich vorhanden, aber nicht verifiziert;https://www.bayernwerk-netz.de | https://www.northdata.com/Bayernwerk%20Netz%20GmbH,%20Regensburg/HRB%209476 | WebSearch/WebFetch-Ergebnisse;2026-09-18;"Mit Abstand größter VNB Bayerns (E.ON-Konzern), deckt den Großteil der Fläche Bayerns ab (außer Gebiete mit eigenen Stadtwerke-Netzen). Es existiert auch ein älteres TAB-PDF (Stand 2020-05-28, ""technische Richtlinie Niederspannung"") - hier wurde die neuere 2023-Bundesmusterwortlaut-PDF verlinkt, Aktualität vor Nutzung auf bayernwerk-netz.de/de/energie-anschliessen/... verifizieren. Telefon/Email der Impressum-Seite konnten technisch nicht extrahiert werden (bitte direkt auf Website prüfen)."
EVD - Energie-Versorgung Donaustaufer Straße GmbH;GmbH;n/a;n/a;Regensburg;BY;n/a;n/a;n/a;n/a;n/a;n/a;https://www.regulierungskammer-bayern.de/fileadmin/user_upload/regulierungskammer/Dokumente/Zustaendigkeiten/2026-06-08-Regulierungskammer-Netzbetreiberliste-Strom-2026.pdf;2026-09-18;Kleiner/lokaler VNB laut offizieller Netzbetreiberliste der Bayerischen Landesregulierungsbehoerde (Stand 08.06.2026). Adresse/Telefon/Email/Website/TAB-Link im Rahmen dieser Recherche NICHT individuell verifiziert (Zeit- und Suchbudget begrenzt, WebSearch-Kontingent aufgebraucht) - vor Nutzung auf offizieller Quelle bzw. Firmenwebsite pruefen.
Energienetze Bayern GmbH;GmbH;Lilienthalstraße 7;93049;Regensburg;BY;n/a - nicht verifiziert;n/a - nicht verifiziert;https://www.energienetze-bayern.com;n/a - Direktlink in dieser Recherche nicht auffindbar (Seite JS-basiert, Inhalt per Fetch nicht auslesbar);n/a;n/a;https://www.energienetze-bayern.com/de/strom/netzanschluss/technische-anschlussbedingungen.html | Gelbe-Seiten/Northdata-Suchtreffer;2026-09-18;Tochtergesellschaft von Bayernwerk (laut bayernwerk.de/.../tochtergesellschaften), zuständig u.a. für Teile des Regensburger Umlands. Gleiche Adresse wie Bayernwerk Netz GmbH (Lilienthalstraße 7) - wirkt wie gemeinsamer Konzernsitz. Auch Domain energienetze-bayern.de (ohne .com) ist in Verwendung. TAB-PDF-Link müsste direkt auf der Website nachrecherchiert werden.
Elektrizitäts-Genossenschaft Rettenberg eG;eG;n/a;n/a;Rettenberg;BY;n/a;n/a;n/a;n/a;n/a;n/a;https://www.regulierungskammer-bayern.de/fileadmin/user_upload/regulierungskammer/Dokumente/Zustaendigkeiten/2026-06-08-Regulierungskammer-Netzbetreiberliste-Strom-2026.pdf;2026-09-18;Kleiner/lokaler VNB laut offizieller Netzbetreiberliste der Bayerischen Landesregulierungsbehoerde (Stand 08.06.2026). Adresse/Telefon/Email/Website/TAB-Link im Rahmen dieser Recherche NICHT individuell verifiziert (Zeit- und Suchbudget begrenzt, WebSearch-Kontingent aufgebraucht) - vor Nutzung auf offizieller Quelle bzw. Firmenwebsite pruefen.
Elektrizitätswerk Josef Haimmerer;n/a;n/a;n/a;Rohrdorf;BY;n/a;n/a;n/a;n/a;n/a;n/a;https://www.regulierungskammer-bayern.de/fileadmin/user_upload/regulierungskammer/Dokumente/Zustaendigkeiten/2026-06-08-Regulierungskammer-Netzbetreiberliste-Strom-2026.pdf;2026-09-18;Kleiner/lokaler VNB laut offizieller Netzbetreiberliste der Bayerischen Landesregulierungsbehoerde (Stand 08.06.2026). Adresse/Telefon/Email/Website/TAB-Link im Rahmen dieser Recherche NICHT individuell verifiziert (Zeit- und Suchbudget begrenzt, WebSearch-Kontingent aufgebraucht) - vor Nutzung auf offizieller Quelle bzw. Firmenwebsite pruefen.
Stadtwerke Rosenheim Netze GmbH;GmbH;n/a - Website in dieser Recherche nicht erreichbar;n/a;Rosenheim;BY;n/a;n/a;n/a - vermutlich stadtwerke-rosenheim.de, technisch nicht verifizierbar (SSL-Fehler bei Zugriffsversuch);n/a;n/a;n/a;Bayerische Landesregulierungsbehörde - Netzbetreiberliste Strom 2026;2026-09-18;Laut offizieller Liste einer der größeren VNB Oberbayerns, Website/Kontaktdaten in dieser Recherche NICHT verifizierbar (WebSearch-Kontingent erschöpft, Domain-Vermutungen schlugen mit SSL/DNS-Fehlern fehl). Bitte manuell nachrecherchieren.
Stadtwerke Roth;n/a;n/a;n/a;Roth;BY;n/a;n/a;n/a;n/a;n/a;n/a;https://www.regulierungskammer-bayern.de/fileadmin/user_upload/regulierungskammer/Dokumente/Zustaendigkeiten/2026-06-08-Regulierungskammer-Netzbetreiberliste-Strom-2026.pdf;2026-09-18;Kleiner/lokaler VNB laut offizieller Netzbetreiberliste der Bayerischen Landesregulierungsbehoerde (Stand 08.06.2026). Adresse/Telefon/Email/Website/TAB-Link im Rahmen dieser Recherche NICHT individuell verifiziert (Zeit- und Suchbudget begrenzt, WebSearch-Kontingent aufgebraucht) - vor Nutzung auf offizieller Quelle bzw. Firmenwebsite pruefen.
Stadtwerke Rothenburg o.d.T. GmbH;GmbH;n/a;n/a;Rothenburg o.d.T.;BY;n/a;n/a;n/a;n/a;n/a;n/a;https://www.regulierungskammer-bayern.de/fileadmin/user_upload/regulierungskammer/Dokumente/Zustaendigkeiten/2026-06-08-Regulierungskammer-Netzbetreiberliste-Strom-2026.pdf;2026-09-18;Kleiner/lokaler VNB laut offizieller Netzbetreiberliste der Bayerischen Landesregulierungsbehoerde (Stand 08.06.2026). Adresse/Telefon/Email/Website/TAB-Link im Rahmen dieser Recherche NICHT individuell verifiziert (Zeit- und Suchbudget begrenzt, WebSearch-Kontingent aufgebraucht) - vor Nutzung auf offizieller Quelle bzw. Firmenwebsite pruefen.
SWR Energie GmbH & Co. KG;GmbH & Co. KG;n/a;n/a;Rödental;BY;n/a;n/a;n/a;n/a;n/a;n/a;https://www.regulierungskammer-bayern.de/fileadmin/user_upload/regulierungskammer/Dokumente/Zustaendigkeiten/2026-06-08-Regulierungskammer-Netzbetreiberliste-Strom-2026.pdf;2026-09-18;Kleiner/lokaler VNB laut offizieller Netzbetreiberliste der Bayerischen Landesregulierungsbehoerde (Stand 08.06.2026). Adresse/Telefon/Email/Website/TAB-Link im Rahmen dieser Recherche NICHT individuell verifiziert (Zeit- und Suchbudget begrenzt, WebSearch-Kontingent aufgebraucht) - vor Nutzung auf offizieller Quelle bzw. Firmenwebsite pruefen.
Stadtwerke Röthenbach a.d. Pegnitz GmbH;GmbH;n/a;n/a;Röthenbach a.d.Pegnitz;BY;n/a;n/a;n/a;n/a;n/a;n/a;https://www.regulierungskammer-bayern.de/fileadmin/user_upload/regulierungskammer/Dokumente/Zustaendigkeiten/2026-06-08-Regulierungskammer-Netzbetreiberliste-Strom-2026.pdf;2026-09-18;Kleiner/lokaler VNB laut offizieller Netzbetreiberliste der Bayerischen Landesregulierungsbehoerde (Stand 08.06.2026). Adresse/Telefon/Email/Website/TAB-Link im Rahmen dieser Recherche NICHT individuell verifiziert (Zeit- und Suchbudget begrenzt, WebSearch-Kontingent aufgebraucht) - vor Nutzung auf offizieller Quelle bzw. Firmenwebsite pruefen.
Elektrizitäts-Genossenschaft Röthenbach eG;eG;n/a;n/a;Röthenbach/Allgäu;BY;n/a;n/a;n/a;n/a;n/a;n/a;https://www.regulierungskammer-bayern.de/fileadmin/user_upload/regulierungskammer/Dokumente/Zustaendigkeiten/2026-06-08-Regulierungskammer-Netzbetreiberliste-Strom-2026.pdf;2026-09-18;Kleiner/lokaler VNB laut offizieller Netzbetreiberliste der Bayerischen Landesregulierungsbehoerde (Stand 08.06.2026). Adresse/Telefon/Email/Website/TAB-Link im Rahmen dieser Recherche NICHT individuell verifiziert (Zeit- und Suchbudget begrenzt, WebSearch-Kontingent aufgebraucht) - vor Nutzung auf offizieller Quelle bzw. Firmenwebsite pruefen.
Versorgungsbetriebe Röttingen;n/a;n/a;n/a;Röttingen;BY;n/a;n/a;n/a;n/a;n/a;n/a;https://www.regulierungskammer-bayern.de/fileadmin/user_upload/regulierungskammer/Dokumente/Zustaendigkeiten/2026-06-08-Regulierungskammer-Netzbetreiberliste-Strom-2026.pdf;2026-09-18;Kleiner/lokaler VNB laut offizieller Netzbetreiberliste der Bayerischen Landesregulierungsbehoerde (Stand 08.06.2026). Adresse/Telefon/Email/Website/TAB-Link im Rahmen dieser Recherche NICHT individuell verifiziert (Zeit- und Suchbudget begrenzt, WebSearch-Kontingent aufgebraucht) - vor Nutzung auf offizieller Quelle bzw. Firmenwebsite pruefen.
Stadtwerke Scheinfeld;n/a;n/a;n/a;Scheinfeld;BY;n/a;n/a;n/a;n/a;n/a;n/a;https://www.regulierungskammer-bayern.de/fileadmin/user_upload/regulierungskammer/Dokumente/Zustaendigkeiten/2026-06-08-Regulierungskammer-Netzbetreiberliste-Strom-2026.pdf;2026-09-18;Kleiner/lokaler VNB laut offizieller Netzbetreiberliste der Bayerischen Landesregulierungsbehoerde (Stand 08.06.2026). Adresse/Telefon/Email/Website/TAB-Link im Rahmen dieser Recherche NICHT individuell verifiziert (Zeit- und Suchbudget begrenzt, WebSearch-Kontingent aufgebraucht) - vor Nutzung auf offizieller Quelle bzw. Firmenwebsite pruefen.
Stromversorgung Schierling eG;eG;n/a;n/a;Schierling;BY;n/a;n/a;n/a;n/a;n/a;n/a;https://www.regulierungskammer-bayern.de/fileadmin/user_upload/regulierungskammer/Dokumente/Zustaendigkeiten/2026-06-08-Regulierungskammer-Netzbetreiberliste-Strom-2026.pdf;2026-09-18;Kleiner/lokaler VNB laut offizieller Netzbetreiberliste der Bayerischen Landesregulierungsbehoerde (Stand 08.06.2026). Adresse/Telefon/Email/Website/TAB-Link im Rahmen dieser Recherche NICHT individuell verifiziert (Zeit- und Suchbudget begrenzt, WebSearch-Kontingent aufgebraucht) - vor Nutzung auf offizieller Quelle bzw. Firmenwebsite pruefen.
Elektrizitäts-Genossenschaft Schonstett eG;eG;n/a;n/a;Schonstett;BY;n/a;n/a;n/a;n/a;n/a;n/a;https://www.regulierungskammer-bayern.de/fileadmin/user_upload/regulierungskammer/Dokumente/Zustaendigkeiten/2026-06-08-Regulierungskammer-Netzbetreiberliste-Strom-2026.pdf;2026-09-18;Kleiner/lokaler VNB laut offizieller Netzbetreiberliste der Bayerischen Landesregulierungsbehoerde (Stand 08.06.2026). Adresse/Telefon/Email/Website/TAB-Link im Rahmen dieser Recherche NICHT individuell verifiziert (Zeit- und Suchbudget begrenzt, WebSearch-Kontingent aufgebraucht) - vor Nutzung auf offizieller Quelle bzw. Firmenwebsite pruefen.
Stadtwerke Schwabach GmbH;GmbH;Ansbacher Straße 14;91126;Schwabach;BY;09122 936-0;n/a - auf Website verschlüsselt dargestellt;https://www.stadtwerke-schwabach.de;n/a - Netzportal vorhanden, Direktlink nicht extrahiert;n/a;Netzportal - https://www.stadtwerke-schwabach.de/netzportal;https://www.stadtwerke-schwabach.de/Footer-Navigation/Impressum/;2026-09-18;-
Elektrizitätswerk Schweiger o.H.G;OHG;n/a;n/a;Schwaig/Oberding;BY;n/a;n/a;n/a;n/a;n/a;n/a;https://www.regulierungskammer-bayern.de/fileadmin/user_upload/regulierungskammer/Dokumente/Zustaendigkeiten/2026-06-08-Regulierungskammer-Netzbetreiberliste-Strom-2026.pdf;2026-09-18;Kleiner/lokaler VNB laut offizieller Netzbetreiberliste der Bayerischen Landesregulierungsbehoerde (Stand 08.06.2026). Adresse/Telefon/Email/Website/TAB-Link im Rahmen dieser Recherche NICHT individuell verifiziert (Zeit- und Suchbudget begrenzt, WebSearch-Kontingent aufgebraucht) - vor Nutzung auf offizieller Quelle bzw. Firmenwebsite pruefen.
Stadtwerke Schwarzenbach a.d.Saale;n/a;n/a;n/a;Schwarzenbach/Saale;BY;n/a;n/a;n/a;n/a;n/a;n/a;https://www.regulierungskammer-bayern.de/fileadmin/user_upload/regulierungskammer/Dokumente/Zustaendigkeiten/2026-06-08-Regulierungskammer-Netzbetreiberliste-Strom-2026.pdf;2026-09-18;Kleiner/lokaler VNB laut offizieller Netzbetreiberliste der Bayerischen Landesregulierungsbehoerde (Stand 08.06.2026). Adresse/Telefon/Email/Website/TAB-Link im Rahmen dieser Recherche NICHT individuell verifiziert (Zeit- und Suchbudget begrenzt, WebSearch-Kontingent aufgebraucht) - vor Nutzung auf offizieller Quelle bzw. Firmenwebsite pruefen.
Cramer-Mühle GmbH & Co. KG;GmbH & Co. KG;n/a;n/a;Schweinfurt;BY;n/a;n/a;n/a;n/a;n/a;n/a;https://www.regulierungskammer-bayern.de/fileadmin/user_upload/regulierungskammer/Dokumente/Zustaendigkeiten/2026-06-08-Regulierungskammer-Netzbetreiberliste-Strom-2026.pdf;2026-09-18;Kleiner/lokaler VNB laut offizieller Netzbetreiberliste der Bayerischen Landesregulierungsbehoerde (Stand 08.06.2026). Adresse/Telefon/Email/Website/TAB-Link im Rahmen dieser Recherche NICHT individuell verifiziert (Zeit- und Suchbudget begrenzt, WebSearch-Kontingent aufgebraucht) - vor Nutzung auf offizieller Quelle bzw. Firmenwebsite pruefen.
Stadtwerke Schweinfurt GmbH;GmbH;n/a;n/a;Schweinfurt;BY;n/a;n/a;n/a - Domain-Vermutung in dieser Recherche fehlgeschlagen (Timeout);n/a;n/a;n/a;Bayerische Landesregulierungsbehörde - Netzbetreiberliste Strom 2026;2026-09-18;Website-Domain in dieser Session nicht ermittelbar (WebSearch-Kontingent aufgebraucht). Bitte manuell nachrecherchieren.
Stromversorgung Seebruck eG;eG;n/a;n/a;Seebruck;BY;n/a;n/a;n/a;n/a;n/a;n/a;https://www.regulierungskammer-bayern.de/fileadmin/user_upload/regulierungskammer/Dokumente/Zustaendigkeiten/2026-06-08-Regulierungskammer-Netzbetreiberliste-Strom-2026.pdf;2026-09-18;Kleiner/lokaler VNB laut offizieller Netzbetreiberliste der Bayerischen Landesregulierungsbehoerde (Stand 08.06.2026). Adresse/Telefon/Email/Website/TAB-Link im Rahmen dieser Recherche NICHT individuell verifiziert (Zeit- und Suchbudget begrenzt, WebSearch-Kontingent aufgebraucht) - vor Nutzung auf offizieller Quelle bzw. Firmenwebsite pruefen.
Energieversorgung Selb - Marktredwitz GmbH;GmbH;n/a;n/a;Selb;BY;n/a;n/a;n/a;n/a;n/a;n/a;https://www.regulierungskammer-bayern.de/fileadmin/user_upload/regulierungskammer/Dokumente/Zustaendigkeiten/2026-06-08-Regulierungskammer-Netzbetreiberliste-Strom-2026.pdf;2026-09-18;Kleiner/lokaler VNB laut offizieller Netzbetreiberliste der Bayerischen Landesregulierungsbehoerde (Stand 08.06.2026). Adresse/Telefon/Email/Website/TAB-Link im Rahmen dieser Recherche NICHT individuell verifiziert (Zeit- und Suchbudget begrenzt, WebSearch-Kontingent aufgebraucht) - vor Nutzung auf offizieller Quelle bzw. Firmenwebsite pruefen.
Elektrizitätsgenossenschaft Vogling & Angrenzer eG;eG;n/a;n/a;Siegsdorf;BY;n/a;n/a;n/a;n/a;n/a;n/a;https://www.regulierungskammer-bayern.de/fileadmin/user_upload/regulierungskammer/Dokumente/Zustaendigkeiten/2026-06-08-Regulierungskammer-Netzbetreiberliste-Strom-2026.pdf;2026-09-18;Kleiner/lokaler VNB laut offizieller Netzbetreiberliste der Bayerischen Landesregulierungsbehoerde (Stand 08.06.2026). Adresse/Telefon/Email/Website/TAB-Link im Rahmen dieser Recherche NICHT individuell verifiziert (Zeit- und Suchbudget begrenzt, WebSearch-Kontingent aufgebraucht) - vor Nutzung auf offizieller Quelle bzw. Firmenwebsite pruefen.
Elektrizitätsgenossenschaft Schlachters eingetragene Genossenschaft;eG;n/a;n/a;Sigmarszell;BY;n/a;n/a;n/a;n/a;n/a;n/a;https://www.regulierungskammer-bayern.de/fileadmin/user_upload/regulierungskammer/Dokumente/Zustaendigkeiten/2026-06-08-Regulierungskammer-Netzbetreiberliste-Strom-2026.pdf;2026-09-18;Kleiner/lokaler VNB laut offizieller Netzbetreiberliste der Bayerischen Landesregulierungsbehoerde (Stand 08.06.2026). Adresse/Telefon/Email/Website/TAB-Link im Rahmen dieser Recherche NICHT individuell verifiziert (Zeit- und Suchbudget begrenzt, WebSearch-Kontingent aufgebraucht) - vor Nutzung auf offizieller Quelle bzw. Firmenwebsite pruefen.
Elektrizitätswerk Simbach GmbH;GmbH;n/a;n/a;Simbach/Inn;BY;n/a;n/a;n/a;n/a;n/a;n/a;https://www.regulierungskammer-bayern.de/fileadmin/user_upload/regulierungskammer/Dokumente/Zustaendigkeiten/2026-06-08-Regulierungskammer-Netzbetreiberliste-Strom-2026.pdf;2026-09-18;Kleiner/lokaler VNB laut offizieller Netzbetreiberliste der Bayerischen Landesregulierungsbehoerde (Stand 08.06.2026). Adresse/Telefon/Email/Website/TAB-Link im Rahmen dieser Recherche NICHT individuell verifiziert (Zeit- und Suchbudget begrenzt, WebSearch-Kontingent aufgebraucht) - vor Nutzung auf offizieller Quelle bzw. Firmenwebsite pruefen.
Kommunalunternehmen Gemeindewerke Stammbach Anstalt des öffentlichen Rechts;AöR;n/a;n/a;Stammbach;BY;n/a;n/a;n/a;n/a;n/a;n/a;https://www.regulierungskammer-bayern.de/fileadmin/user_upload/regulierungskammer/Dokumente/Zustaendigkeiten/2026-06-08-Regulierungskammer-Netzbetreiberliste-Strom-2026.pdf;2026-09-18;Kleiner/lokaler VNB laut offizieller Netzbetreiberliste der Bayerischen Landesregulierungsbehoerde (Stand 08.06.2026). Adresse/Telefon/Email/Website/TAB-Link im Rahmen dieser Recherche NICHT individuell verifiziert (Zeit- und Suchbudget begrenzt, WebSearch-Kontingent aufgebraucht) - vor Nutzung auf offizieller Quelle bzw. Firmenwebsite pruefen.
Stadtwerke Stein GmbH & Co. KG;GmbH & Co. KG;n/a;n/a;Stein;BY;n/a;n/a;n/a;n/a;n/a;n/a;https://www.regulierungskammer-bayern.de/fileadmin/user_upload/regulierungskammer/Dokumente/Zustaendigkeiten/2026-06-08-Regulierungskammer-Netzbetreiberliste-Strom-2026.pdf;2026-09-18;Kleiner/lokaler VNB laut offizieller Netzbetreiberliste der Bayerischen Landesregulierungsbehoerde (Stand 08.06.2026). Adresse/Telefon/Email/Website/TAB-Link im Rahmen dieser Recherche NICHT individuell verifiziert (Zeit- und Suchbudget begrenzt, WebSearch-Kontingent aufgebraucht) - vor Nutzung auf offizieller Quelle bzw. Firmenwebsite pruefen.
Gemeindewerke Stockstadt;n/a;n/a;n/a;Stockstadt;BY;n/a;n/a;n/a;n/a;n/a;n/a;https://www.regulierungskammer-bayern.de/fileadmin/user_upload/regulierungskammer/Dokumente/Zustaendigkeiten/2026-06-08-Regulierungskammer-Netzbetreiberliste-Strom-2026.pdf;2026-09-18;Kleiner/lokaler VNB laut offizieller Netzbetreiberliste der Bayerischen Landesregulierungsbehoerde (Stand 08.06.2026). Adresse/Telefon/Email/Website/TAB-Link im Rahmen dieser Recherche NICHT individuell verifiziert (Zeit- und Suchbudget begrenzt, WebSearch-Kontingent aufgebraucht) - vor Nutzung auf offizieller Quelle bzw. Firmenwebsite pruefen.
Stadtwerke Straubing Strom und Gas GmbH;GmbH;Sedanstraße 10;94315;Straubing;BY;09421 / 864-0 (Hausanschlüsse: 09421 864-360);mail@stadtwerke-straubing.de;https://www.stadtwerke-straubing.de;n/a - nicht gefunden, Netzanschlussportal vorhanden;n/a;Netzanschlussportal Strom - https://www.stadtwerke-straubing.de/index.cfm?resid=0&res=1024&sid=2&skt=6404;https://www.stadtwerke-straubing.de/index.cfm?resid=0&res=1024&sid=2&skt=4971;2026-09-18;"Muttergesellschaft ""Stadtwerke Straubing GmbH"" (gleiche Adresse), operative Stromnetz-Gesellschaft laut Regulierungskammer-Liste ""Stadtwerke Straubing Strom und Gas GmbH""."
Elektrizitäts-Genossenschaft Tacherting-Feichten eG;eG;n/a;n/a;Tacherting;BY;n/a;n/a;n/a;n/a;n/a;n/a;https://www.regulierungskammer-bayern.de/fileadmin/user_upload/regulierungskammer/Dokumente/Zustaendigkeiten/2026-06-08-Regulierungskammer-Netzbetreiberliste-Strom-2026.pdf;2026-09-18;Kleiner/lokaler VNB laut offizieller Netzbetreiberliste der Bayerischen Landesregulierungsbehoerde (Stand 08.06.2026). Adresse/Telefon/Email/Website/TAB-Link im Rahmen dieser Recherche NICHT individuell verifiziert (Zeit- und Suchbudget begrenzt, WebSearch-Kontingent aufgebraucht) - vor Nutzung auf offizieller Quelle bzw. Firmenwebsite pruefen.
Müller-Mühle GmbH & Co. KG;GmbH & Co. KG;n/a;n/a;Tauberrettersheim;BY;n/a;n/a;n/a;n/a;n/a;n/a;https://www.regulierungskammer-bayern.de/fileadmin/user_upload/regulierungskammer/Dokumente/Zustaendigkeiten/2026-06-08-Regulierungskammer-Netzbetreiberliste-Strom-2026.pdf;2026-09-18;Kleiner/lokaler VNB laut offizieller Netzbetreiberliste der Bayerischen Landesregulierungsbehoerde (Stand 08.06.2026). Adresse/Telefon/Email/Website/TAB-Link im Rahmen dieser Recherche NICHT individuell verifiziert (Zeit- und Suchbudget begrenzt, WebSearch-Kontingent aufgebraucht) - vor Nutzung auf offizieller Quelle bzw. Firmenwebsite pruefen.
Tegernseer Energiegesellschaft mbH & Co. KG;GmbH;n/a;n/a;Tegernsee;BY;n/a;n/a;n/a;n/a;n/a;n/a;https://www.regulierungskammer-bayern.de/fileadmin/user_upload/regulierungskammer/Dokumente/Zustaendigkeiten/2026-06-08-Regulierungskammer-Netzbetreiberliste-Strom-2026.pdf;2026-09-18;Kleiner/lokaler VNB laut offizieller Netzbetreiberliste der Bayerischen Landesregulierungsbehoerde (Stand 08.06.2026). Adresse/Telefon/Email/Website/TAB-Link im Rahmen dieser Recherche NICHT individuell verifiziert (Zeit- und Suchbudget begrenzt, WebSearch-Kontingent aufgebraucht) - vor Nutzung auf offizieller Quelle bzw. Firmenwebsite pruefen.
Stadtwerke Tirschenreuth;n/a;n/a;n/a;Tirschenreuth;BY;n/a;n/a;n/a;n/a;n/a;n/a;https://www.regulierungskammer-bayern.de/fileadmin/user_upload/regulierungskammer/Dokumente/Zustaendigkeiten/2026-06-08-Regulierungskammer-Netzbetreiberliste-Strom-2026.pdf;2026-09-18;Kleiner/lokaler VNB laut offizieller Netzbetreiberliste der Bayerischen Landesregulierungsbehoerde (Stand 08.06.2026). Adresse/Telefon/Email/Website/TAB-Link im Rahmen dieser Recherche NICHT individuell verifiziert (Zeit- und Suchbudget begrenzt, WebSearch-Kontingent aufgebraucht) - vor Nutzung auf offizieller Quelle bzw. Firmenwebsite pruefen.
Stadtwerke Traunstein GmbH & Co. KG;GmbH & Co. KG;n/a;n/a;Traunstein;BY;n/a;n/a;n/a - vermutlich stadtwerke-traunstein.de, technisch nicht erreichbar (TLS-Fehler);n/a;n/a;n/a;Bayerische Landesregulierungsbehörde - Netzbetreiberliste Strom 2026;2026-09-18;Website-Zugriff in dieser Session technisch fehlgeschlagen, WebSearch-Kontingent aufgebraucht. Bitte manuell nachrecherchieren.
Elektrizitätsgenossenschaft Wolkersdorf und Umgebung eingetragene Genossenschaft;eG;n/a;n/a;Traunstein-Wolkersdorf;BY;n/a;n/a;n/a;n/a;n/a;n/a;https://www.regulierungskammer-bayern.de/fileadmin/user_upload/regulierungskammer/Dokumente/Zustaendigkeiten/2026-06-08-Regulierungskammer-Netzbetreiberliste-Strom-2026.pdf;2026-09-18;Kleiner/lokaler VNB laut offizieller Netzbetreiberliste der Bayerischen Landesregulierungsbehoerde (Stand 08.06.2026). Adresse/Telefon/Email/Website/TAB-Link im Rahmen dieser Recherche NICHT individuell verifiziert (Zeit- und Suchbudget begrenzt, WebSearch-Kontingent aufgebraucht) - vor Nutzung auf offizieller Quelle bzw. Firmenwebsite pruefen.
Stadtwerke Treuchtlingen KU;Kommunalunternehmen (KU);n/a;n/a;Treuchtlingen;BY;n/a;n/a;n/a;n/a;n/a;n/a;https://www.regulierungskammer-bayern.de/fileadmin/user_upload/regulierungskammer/Dokumente/Zustaendigkeiten/2026-06-08-Regulierungskammer-Netzbetreiberliste-Strom-2026.pdf;2026-09-18;Kleiner/lokaler VNB laut offizieller Netzbetreiberliste der Bayerischen Landesregulierungsbehoerde (Stand 08.06.2026). Adresse/Telefon/Email/Website/TAB-Link im Rahmen dieser Recherche NICHT individuell verifiziert (Zeit- und Suchbudget begrenzt, WebSearch-Kontingent aufgebraucht) - vor Nutzung auf offizieller Quelle bzw. Firmenwebsite pruefen.
Alzchem Netz GmbH;GmbH;n/a;n/a;Trostberg;BY;n/a;n/a;n/a;n/a;n/a;n/a;https://www.regulierungskammer-bayern.de/fileadmin/user_upload/regulierungskammer/Dokumente/Zustaendigkeiten/2026-06-08-Regulierungskammer-Netzbetreiberliste-Strom-2026.pdf;2026-09-18;Kleiner/lokaler VNB laut offizieller Netzbetreiberliste der Bayerischen Landesregulierungsbehoerde (Stand 08.06.2026). Adresse/Telefon/Email/Website/TAB-Link im Rahmen dieser Recherche NICHT individuell verifiziert (Zeit- und Suchbudget begrenzt, WebSearch-Kontingent aufgebraucht) - vor Nutzung auf offizieller Quelle bzw. Firmenwebsite pruefen.
Stadtwerke Trostberg Stromversorgung GmbH;GmbH;n/a;n/a;Trostberg;BY;n/a;n/a;n/a;n/a;n/a;n/a;https://www.regulierungskammer-bayern.de/fileadmin/user_upload/regulierungskammer/Dokumente/Zustaendigkeiten/2026-06-08-Regulierungskammer-Netzbetreiberliste-Strom-2026.pdf;2026-09-18;Kleiner/lokaler VNB laut offizieller Netzbetreiberliste der Bayerischen Landesregulierungsbehoerde (Stand 08.06.2026). Adresse/Telefon/Email/Website/TAB-Link im Rahmen dieser Recherche NICHT individuell verifiziert (Zeit- und Suchbudget begrenzt, WebSearch-Kontingent aufgebraucht) - vor Nutzung auf offizieller Quelle bzw. Firmenwebsite pruefen.
strotög GmbH Strom aus Töging;GmbH;n/a;n/a;Töging am Inn;BY;n/a;n/a;n/a;n/a;n/a;n/a;https://www.regulierungskammer-bayern.de/fileadmin/user_upload/regulierungskammer/Dokumente/Zustaendigkeiten/2026-06-08-Regulierungskammer-Netzbetreiberliste-Strom-2026.pdf;2026-09-18;Kleiner/lokaler VNB laut offizieller Netzbetreiberliste der Bayerischen Landesregulierungsbehoerde (Stand 08.06.2026). Adresse/Telefon/Email/Website/TAB-Link im Rahmen dieser Recherche NICHT individuell verifiziert (Zeit- und Suchbudget begrenzt, WebSearch-Kontingent aufgebraucht) - vor Nutzung auf offizieller Quelle bzw. Firmenwebsite pruefen.
Stadtwerke Uffenheim;n/a;n/a;n/a;Uffenheim;BY;n/a;n/a;n/a;n/a;n/a;n/a;https://www.regulierungskammer-bayern.de/fileadmin/user_upload/regulierungskammer/Dokumente/Zustaendigkeiten/2026-06-08-Regulierungskammer-Netzbetreiberliste-Strom-2026.pdf;2026-09-18;Kleiner/lokaler VNB laut offizieller Netzbetreiberliste der Bayerischen Landesregulierungsbehoerde (Stand 08.06.2026). Adresse/Telefon/Email/Website/TAB-Link im Rahmen dieser Recherche NICHT individuell verifiziert (Zeit- und Suchbudget begrenzt, WebSearch-Kontingent aufgebraucht) - vor Nutzung auf offizieller Quelle bzw. Firmenwebsite pruefen.
Elektrizitätsgenossenschaft Unterneukirchen eG;eG;n/a;n/a;Unterneukirchen;BY;n/a;n/a;n/a;n/a;n/a;n/a;https://www.regulierungskammer-bayern.de/fileadmin/user_upload/regulierungskammer/Dokumente/Zustaendigkeiten/2026-06-08-Regulierungskammer-Netzbetreiberliste-Strom-2026.pdf;2026-09-18;Kleiner/lokaler VNB laut offizieller Netzbetreiberliste der Bayerischen Landesregulierungsbehoerde (Stand 08.06.2026). Adresse/Telefon/Email/Website/TAB-Link im Rahmen dieser Recherche NICHT individuell verifiziert (Zeit- und Suchbudget begrenzt, WebSearch-Kontingent aufgebraucht) - vor Nutzung auf offizieller Quelle bzw. Firmenwebsite pruefen.
Elektrizitätswerk Unterwössen Döllerer & Greimel Netz GmbH & Co. KG;GmbH & Co. KG;n/a;n/a;Unterwössen;BY;n/a;n/a;n/a;n/a;n/a;n/a;https://www.regulierungskammer-bayern.de/fileadmin/user_upload/regulierungskammer/Dokumente/Zustaendigkeiten/2026-06-08-Regulierungskammer-Netzbetreiberliste-Strom-2026.pdf;2026-09-18;Kleiner/lokaler VNB laut offizieller Netzbetreiberliste der Bayerischen Landesregulierungsbehoerde (Stand 08.06.2026). Adresse/Telefon/Email/Website/TAB-Link im Rahmen dieser Recherche NICHT individuell verifiziert (Zeit- und Suchbudget begrenzt, WebSearch-Kontingent aufgebraucht) - vor Nutzung auf offizieller Quelle bzw. Firmenwebsite pruefen.
Stadtwerke Vilsbiburg Kommunalunternehmen;Kommunalunternehmen (KU);n/a;n/a;Vilsbiburg;BY;n/a;n/a;n/a;n/a;n/a;n/a;https://www.regulierungskammer-bayern.de/fileadmin/user_upload/regulierungskammer/Dokumente/Zustaendigkeiten/2026-06-08-Regulierungskammer-Netzbetreiberliste-Strom-2026.pdf;2026-09-18;Kleiner/lokaler VNB laut offizieller Netzbetreiberliste der Bayerischen Landesregulierungsbehoerde (Stand 08.06.2026). Adresse/Telefon/Email/Website/TAB-Link im Rahmen dieser Recherche NICHT individuell verifiziert (Zeit- und Suchbudget begrenzt, WebSearch-Kontingent aufgebraucht) - vor Nutzung auf offizieller Quelle bzw. Firmenwebsite pruefen.
Stadtwerke Vilshofen GmbH;GmbH;n/a;n/a;Vilshofen;BY;n/a;n/a;n/a;n/a;n/a;n/a;https://www.regulierungskammer-bayern.de/fileadmin/user_upload/regulierungskammer/Dokumente/Zustaendigkeiten/2026-06-08-Regulierungskammer-Netzbetreiberliste-Strom-2026.pdf;2026-09-18;Kleiner/lokaler VNB laut offizieller Netzbetreiberliste der Bayerischen Landesregulierungsbehoerde (Stand 08.06.2026). Adresse/Telefon/Email/Website/TAB-Link im Rahmen dieser Recherche NICHT individuell verifiziert (Zeit- und Suchbudget begrenzt, WebSearch-Kontingent aufgebraucht) - vor Nutzung auf offizieller Quelle bzw. Firmenwebsite pruefen.
Gemeindewerke Waging a. See;n/a;n/a;n/a;Waging am See;BY;n/a;n/a;n/a;n/a;n/a;n/a;https://www.regulierungskammer-bayern.de/fileadmin/user_upload/regulierungskammer/Dokumente/Zustaendigkeiten/2026-06-08-Regulierungskammer-Netzbetreiberliste-Strom-2026.pdf;2026-09-18;Kleiner/lokaler VNB laut offizieller Netzbetreiberliste der Bayerischen Landesregulierungsbehoerde (Stand 08.06.2026). Adresse/Telefon/Email/Website/TAB-Link im Rahmen dieser Recherche NICHT individuell verifiziert (Zeit- und Suchbudget begrenzt, WebSearch-Kontingent aufgebraucht) - vor Nutzung auf offizieller Quelle bzw. Firmenwebsite pruefen.
Versorgungsbetrieb Waldbüttelbrunn GmbH;GmbH;n/a;n/a;Waldbüttelbrunn;BY;n/a;n/a;n/a;n/a;n/a;n/a;https://www.regulierungskammer-bayern.de/fileadmin/user_upload/regulierungskammer/Dokumente/Zustaendigkeiten/2026-06-08-Regulierungskammer-Netzbetreiberliste-Strom-2026.pdf;2026-09-18;Kleiner/lokaler VNB laut offizieller Netzbetreiberliste der Bayerischen Landesregulierungsbehoerde (Stand 08.06.2026). Adresse/Telefon/Email/Website/TAB-Link im Rahmen dieser Recherche NICHT individuell verifiziert (Zeit- und Suchbudget begrenzt, WebSearch-Kontingent aufgebraucht) - vor Nutzung auf offizieller Quelle bzw. Firmenwebsite pruefen.
Stadtwerke Waldkirchen;n/a;n/a;n/a;Waldkirchen;BY;n/a;n/a;n/a;n/a;n/a;n/a;https://www.regulierungskammer-bayern.de/fileadmin/user_upload/regulierungskammer/Dokumente/Zustaendigkeiten/2026-06-08-Regulierungskammer-Netzbetreiberliste-Strom-2026.pdf;2026-09-18;Kleiner/lokaler VNB laut offizieller Netzbetreiberliste der Bayerischen Landesregulierungsbehoerde (Stand 08.06.2026). Adresse/Telefon/Email/Website/TAB-Link im Rahmen dieser Recherche NICHT individuell verifiziert (Zeit- und Suchbudget begrenzt, WebSearch-Kontingent aufgebraucht) - vor Nutzung auf offizieller Quelle bzw. Firmenwebsite pruefen.
Stadtwerke Waldkraiburg GmbH;GmbH;n/a;n/a;Waldkraiburg;BY;n/a;n/a;n/a;n/a;n/a;n/a;https://www.regulierungskammer-bayern.de/fileadmin/user_upload/regulierungskammer/Dokumente/Zustaendigkeiten/2026-06-08-Regulierungskammer-Netzbetreiberliste-Strom-2026.pdf;2026-09-18;Kleiner/lokaler VNB laut offizieller Netzbetreiberliste der Bayerischen Landesregulierungsbehoerde (Stand 08.06.2026). Adresse/Telefon/Email/Website/TAB-Link im Rahmen dieser Recherche NICHT individuell verifiziert (Zeit- und Suchbudget begrenzt, WebSearch-Kontingent aufgebraucht) - vor Nutzung auf offizieller Quelle bzw. Firmenwebsite pruefen.
Stadtwerke Waldmünchen Anstalt des öffentlichen Rechtes;AöR;n/a;n/a;Waldmünchen;BY;n/a;n/a;n/a;n/a;n/a;n/a;https://www.regulierungskammer-bayern.de/fileadmin/user_upload/regulierungskammer/Dokumente/Zustaendigkeiten/2026-06-08-Regulierungskammer-Netzbetreiberliste-Strom-2026.pdf;2026-09-18;Kleiner/lokaler VNB laut offizieller Netzbetreiberliste der Bayerischen Landesregulierungsbehoerde (Stand 08.06.2026). Adresse/Telefon/Email/Website/TAB-Link im Rahmen dieser Recherche NICHT individuell verifiziert (Zeit- und Suchbudget begrenzt, WebSearch-Kontingent aufgebraucht) - vor Nutzung auf offizieller Quelle bzw. Firmenwebsite pruefen.
Gemeindewerke Langenpreising GmbH & Co. KG;GmbH & Co. KG;n/a;n/a;Wartenberg;BY;n/a;n/a;n/a;n/a;n/a;n/a;https://www.regulierungskammer-bayern.de/fileadmin/user_upload/regulierungskammer/Dokumente/Zustaendigkeiten/2026-06-08-Regulierungskammer-Netzbetreiberliste-Strom-2026.pdf;2026-09-18;Kleiner/lokaler VNB laut offizieller Netzbetreiberliste der Bayerischen Landesregulierungsbehoerde (Stand 08.06.2026). Adresse/Telefon/Email/Website/TAB-Link im Rahmen dieser Recherche NICHT individuell verifiziert (Zeit- und Suchbudget begrenzt, WebSearch-Kontingent aufgebraucht) - vor Nutzung auf offizieller Quelle bzw. Firmenwebsite pruefen.
Stadtwerke Wasserburg a. Inn;n/a;n/a;n/a;Wasserburg a.Inn;BY;n/a;n/a;n/a;n/a;n/a;n/a;https://www.regulierungskammer-bayern.de/fileadmin/user_upload/regulierungskammer/Dokumente/Zustaendigkeiten/2026-06-08-Regulierungskammer-Netzbetreiberliste-Strom-2026.pdf;2026-09-18;Kleiner/lokaler VNB laut offizieller Netzbetreiberliste der Bayerischen Landesregulierungsbehoerde (Stand 08.06.2026). Adresse/Telefon/Email/Website/TAB-Link im Rahmen dieser Recherche NICHT individuell verifiziert (Zeit- und Suchbudget begrenzt, WebSearch-Kontingent aufgebraucht) - vor Nutzung auf offizieller Quelle bzw. Firmenwebsite pruefen.
Stromnetz Weiden i.d.OPf. GmbH & Co. KG;GmbH & Co. KG;n/a - nicht verifiziert (Impressum-Fetch ergab 404);n/a;Weiden i.d.OPf.;BY;n/a;n/a;https://www.stromnetz-weiden.de;https://www.stromnetz-weiden.de/_Resources/Persistent/1/b/3/c/1b3ce88dacfc22f36488dfbba3b2f9cc3e146cbd/Technische%20Anschlussbedingungen%20%28TAB%29%20fu%CC%88r%20den%20Anschluss%20an%20das%20Niederspannungsnetz.pdf;n/a - kein explizites Datum extrahiert, Seite referenziert weitere Dokumente vom 02.05.2024;n/a;https://www.stromnetz-weiden.de/netzanschluss-1/technische-anschlussbedingungen/;2026-09-18;Adresse/Telefon/Email nicht verifiziert - vor Nutzung auf Website prüfen.
Stromnetz Weilheim GmbH & Co. KG;GmbH & Co. KG;Stadtwerkestraße 1;82362;Weilheim;BY;n/a - nur Stoerungsnummer 0941 28003366 gefunden;info@stromnetz-weilheim.de;https://www.stromnetz-weilheim.de;https://assets.stromnetz-weilheim.de/media/downloads/2026/01/28/Technische_Anschlussbedingungen_2023_und_technische_Mindestanforderungen.pdf;TAB 2023 (technische Mindestanforderungen);n/a;https://www.stromnetz-weilheim.de/strom/netzanschluss/technische-anschlussbedingungen/;2026-09-18;Dokument verweist auf die TAB Niederspannung der Bayernwerk Netz GmbH (evtl. gemeinsame Betriebsfuehrung/Dienstleister mit Bayernwerk und Stromnetz Olching).
STADTWERKE WEISSENBURG GmbH;GmbH;n/a;n/a;Weißenburg;BY;n/a;n/a;n/a;n/a;n/a;n/a;https://www.regulierungskammer-bayern.de/fileadmin/user_upload/regulierungskammer/Dokumente/Zustaendigkeiten/2026-06-08-Regulierungskammer-Netzbetreiberliste-Strom-2026.pdf;2026-09-18;Kleiner/lokaler VNB laut offizieller Netzbetreiberliste der Bayerischen Landesregulierungsbehoerde (Stand 08.06.2026). Adresse/Telefon/Email/Website/TAB-Link im Rahmen dieser Recherche NICHT individuell verifiziert (Zeit- und Suchbudget begrenzt, WebSearch-Kontingent aufgebraucht) - vor Nutzung auf offizieller Quelle bzw. Firmenwebsite pruefen.
Verteilnetze Energie Weißenhorn GmbH & Co. KG;GmbH & Co. KG;n/a;n/a;Weißenhorn;BY;n/a;n/a;n/a;n/a;n/a;n/a;https://www.regulierungskammer-bayern.de/fileadmin/user_upload/regulierungskammer/Dokumente/Zustaendigkeiten/2026-06-08-Regulierungskammer-Netzbetreiberliste-Strom-2026.pdf;2026-09-18;Kleiner/lokaler VNB laut offizieller Netzbetreiberliste der Bayerischen Landesregulierungsbehoerde (Stand 08.06.2026). Adresse/Telefon/Email/Website/TAB-Link im Rahmen dieser Recherche NICHT individuell verifiziert (Zeit- und Suchbudget begrenzt, WebSearch-Kontingent aufgebraucht) - vor Nutzung auf offizieller Quelle bzw. Firmenwebsite pruefen.
Gemeinsames Kommunalunternehmen Oberes Egertal Anstalt des öffentlichen Rechts;AöR;n/a;n/a;Weißenstadt;BY;n/a;n/a;n/a;n/a;n/a;n/a;https://www.regulierungskammer-bayern.de/fileadmin/user_upload/regulierungskammer/Dokumente/Zustaendigkeiten/2026-06-08-Regulierungskammer-Netzbetreiberliste-Strom-2026.pdf;2026-09-18;Kleiner/lokaler VNB laut offizieller Netzbetreiberliste der Bayerischen Landesregulierungsbehoerde (Stand 08.06.2026). Adresse/Telefon/Email/Website/TAB-Link im Rahmen dieser Recherche NICHT individuell verifiziert (Zeit- und Suchbudget begrenzt, WebSearch-Kontingent aufgebraucht) - vor Nutzung auf offizieller Quelle bzw. Firmenwebsite pruefen.
Gemeindewerke Wendelstein Kommunalunternehmen;Kommunalunternehmen (KU);n/a;n/a;Wendelstein;BY;n/a;n/a;n/a;n/a;n/a;n/a;https://www.regulierungskammer-bayern.de/fileadmin/user_upload/regulierungskammer/Dokumente/Zustaendigkeiten/2026-06-08-Regulierungskammer-Netzbetreiberliste-Strom-2026.pdf;2026-09-18;Kleiner/lokaler VNB laut offizieller Netzbetreiberliste der Bayerischen Landesregulierungsbehoerde (Stand 08.06.2026). Adresse/Telefon/Email/Website/TAB-Link im Rahmen dieser Recherche NICHT individuell verifiziert (Zeit- und Suchbudget begrenzt, WebSearch-Kontingent aufgebraucht) - vor Nutzung auf offizieller Quelle bzw. Firmenwebsite pruefen.
Stadtwerke Windsbach;n/a;n/a;n/a;Windsbach;BY;n/a;n/a;n/a;n/a;n/a;n/a;https://www.regulierungskammer-bayern.de/fileadmin/user_upload/regulierungskammer/Dokumente/Zustaendigkeiten/2026-06-08-Regulierungskammer-Netzbetreiberliste-Strom-2026.pdf;2026-09-18;Kleiner/lokaler VNB laut offizieller Netzbetreiberliste der Bayerischen Landesregulierungsbehoerde (Stand 08.06.2026). Adresse/Telefon/Email/Website/TAB-Link im Rahmen dieser Recherche NICHT individuell verifiziert (Zeit- und Suchbudget begrenzt, WebSearch-Kontingent aufgebraucht) - vor Nutzung auf offizieller Quelle bzw. Firmenwebsite pruefen.
SWW Wunsiedel GmbH;GmbH;n/a;n/a;Wunsiedel;BY;n/a;n/a;n/a;n/a;n/a;n/a;https://www.regulierungskammer-bayern.de/fileadmin/user_upload/regulierungskammer/Dokumente/Zustaendigkeiten/2026-06-08-Regulierungskammer-Netzbetreiberliste-Strom-2026.pdf;2026-09-18;Kleiner/lokaler VNB laut offizieller Netzbetreiberliste der Bayerischen Landesregulierungsbehoerde (Stand 08.06.2026). Adresse/Telefon/Email/Website/TAB-Link im Rahmen dieser Recherche NICHT individuell verifiziert (Zeit- und Suchbudget begrenzt, WebSearch-Kontingent aufgebraucht) - vor Nutzung auf offizieller Quelle bzw. Firmenwebsite pruefen.
EZV Energie- und Service GmbH & Co. KG Untermain;GmbH & Co. KG;n/a;n/a;Wörth a.Main;BY;n/a;n/a;n/a;n/a;n/a;n/a;https://www.regulierungskammer-bayern.de/fileadmin/user_upload/regulierungskammer/Dokumente/Zustaendigkeiten/2026-06-08-Regulierungskammer-Netzbetreiberliste-Strom-2026.pdf;2026-09-18;Kleiner/lokaler VNB laut offizieller Netzbetreiberliste der Bayerischen Landesregulierungsbehoerde (Stand 08.06.2026). Adresse/Telefon/Email/Website/TAB-Link im Rahmen dieser Recherche NICHT individuell verifiziert (Zeit- und Suchbudget begrenzt, WebSearch-Kontingent aufgebraucht) - vor Nutzung auf offizieller Quelle bzw. Firmenwebsite pruefen.
Elektrizitätswerk Wörth a. d. Donau Rupert Heider GmbH & Co. KG;GmbH & Co. KG;n/a;n/a;Wörth a.d.Donau;BY;n/a;n/a;n/a;n/a;n/a;n/a;https://www.regulierungskammer-bayern.de/fileadmin/user_upload/regulierungskammer/Dokumente/Zustaendigkeiten/2026-06-08-Regulierungskammer-Netzbetreiberliste-Strom-2026.pdf;2026-09-18;Kleiner/lokaler VNB laut offizieller Netzbetreiberliste der Bayerischen Landesregulierungsbehoerde (Stand 08.06.2026). Adresse/Telefon/Email/Website/TAB-Link im Rahmen dieser Recherche NICHT individuell verifiziert (Zeit- und Suchbudget begrenzt, WebSearch-Kontingent aufgebraucht) - vor Nutzung auf offizieller Quelle bzw. Firmenwebsite pruefen.
Mainfranken Netze GmbH;GmbH;Domstraße 26;97070;Würzburg;BY;0931 36 1303;netzanschluesse@mfn.de;https://www.mainfrankennetze.de;https://www.mainfrankennetze.de/media-mfn/dokumente/netzkunden/strom/veroeffentlichungspflichten/technische-mindestanforderungen/tab-ns_technische_anschlussbedingungen_tab_2023-v2.pdf;TAB 2023 v2.0, gültig ab 07/2024;n/a - nicht verifiziert;https://www.mainfrankennetze.de/netzkunden/strom/veroeffentlichungspflichten/netzanschluss.html;2026-09-18;"WICHTIG: Der tatsächliche Netzbetreiber für Würzburg ist ""Mainfranken Netze GmbH"" (WVV-Konzern), NICHT eine ""Würzburg Netz GmbH"" wie im Rechercheauftrag als Startpunkt vermutet - hier korrigiert. Notfall-Hotline Strom: 0931 36 1231."
Stadtwerke Zeil a. Main;n/a;n/a;n/a;Zeil am Main;BY;n/a;n/a;n/a;n/a;n/a;n/a;https://www.regulierungskammer-bayern.de/fileadmin/user_upload/regulierungskammer/Dokumente/Zustaendigkeiten/2026-06-08-Regulierungskammer-Netzbetreiberliste-Strom-2026.pdf;2026-09-18;Kleiner/lokaler VNB laut offizieller Netzbetreiberliste der Bayerischen Landesregulierungsbehoerde (Stand 08.06.2026). Adresse/Telefon/Email/Website/TAB-Link im Rahmen dieser Recherche NICHT individuell verifiziert (Zeit- und Suchbudget begrenzt, WebSearch-Kontingent aufgebraucht) - vor Nutzung auf offizieller Quelle bzw. Firmenwebsite pruefen.
Versorgungsbetriebe Zellingen;n/a;n/a;n/a;Zellingen;BY;n/a;n/a;n/a;n/a;n/a;n/a;https://www.regulierungskammer-bayern.de/fileadmin/user_upload/regulierungskammer/Dokumente/Zustaendigkeiten/2026-06-08-Regulierungskammer-Netzbetreiberliste-Strom-2026.pdf;2026-09-18;Kleiner/lokaler VNB laut offizieller Netzbetreiberliste der Bayerischen Landesregulierungsbehoerde (Stand 08.06.2026). Adresse/Telefon/Email/Website/TAB-Link im Rahmen dieser Recherche NICHT individuell verifiziert (Zeit- und Suchbudget begrenzt, WebSearch-Kontingent aufgebraucht) - vor Nutzung auf offizieller Quelle bzw. Firmenwebsite pruefen.
Stadtwerke Zirndorf GmbH;GmbH;n/a;n/a;Zirndorf;BY;n/a;n/a;n/a;n/a;n/a;n/a;https://www.regulierungskammer-bayern.de/fileadmin/user_upload/regulierungskammer/Dokumente/Zustaendigkeiten/2026-06-08-Regulierungskammer-Netzbetreiberliste-Strom-2026.pdf;2026-09-18;Kleiner/lokaler VNB laut offizieller Netzbetreiberliste der Bayerischen Landesregulierungsbehoerde (Stand 08.06.2026). Adresse/Telefon/Email/Website/TAB-Link im Rahmen dieser Recherche NICHT individuell verifiziert (Zeit- und Suchbudget begrenzt, WebSearch-Kontingent aufgebraucht) - vor Nutzung auf offizieller Quelle bzw. Firmenwebsite pruefen.
Stadtwerke Zwiesel;n/a;n/a;n/a;Zwiesel;BY;n/a;n/a;n/a;n/a;n/a;n/a;https://www.regulierungskammer-bayern.de/fileadmin/user_upload/regulierungskammer/Dokumente/Zustaendigkeiten/2026-06-08-Regulierungskammer-Netzbetreiberliste-Strom-2026.pdf;2026-09-18;Kleiner/lokaler VNB laut offizieller Netzbetreiberliste der Bayerischen Landesregulierungsbehoerde (Stand 08.06.2026). Adresse/Telefon/Email/Website/TAB-Link im Rahmen dieser Recherche NICHT individuell verifiziert (Zeit- und Suchbudget begrenzt, WebSearch-Kontingent aufgebraucht) - vor Nutzung auf offizieller Quelle bzw. Firmenwebsite pruefen.
Stadtwerke Aalen GmbH;GmbH;Im Hasennest 9;73433;Aalen;BW;07361 952-0;netznutzung@sw-aalen.de;https://www.sw-aalen.de;https://www.enwg-veroeffentlichungen.de/aalen/Netze/Stromnetz/Netzanschluss/Erlaeuterungen-Stadtwerke-Aalen-zur-TAB-2023.pdf;2023;n/a;https://www.sw-aalen.de/netz/veroeffentlichungspflichten;2026-09-18;
Stadtwerke Baden-Baden GmbH & Co. KG;GmbH & Co. KG (aus HRA-Registereintrag abgeleitet, nicht explizit bestätigt);Waldseestraße 24;76530;Baden-Baden;BW;07221 277-0;info@swbad.de;https://www.stadtwerke-baden-baden.de;n/a;"n/a (Dokument ""Ergänzungen und Konkretisierungen der Stadtwerke Baden-Baden zur TAB 2023"" laut Website vorhanden, PDF-URL nicht ermittelt)";n/a;https://www.stadtwerke-baden-baden.de/de/privatkunden/netze/strom/zugangsbedingungen.php;2026-09-18;Amtsgericht Mannheim, HRA 201400 laut Formular-Fußzeile.
Stadtwerke Bietigheim-Bissingen GmbH;GmbH;Rötestraße 8;74321;Bietigheim-Bissingen;BW;+49 7142 7887-0;info@sw-bb.de;https://www.sw-bb.de;n/a;n/a;n/a;https://www.sw-bb.de/netze/netzanschluss/technische-formulare.html;2026-09-18;Direkter PDF-Link zur TAB Niederspannung nicht auffindbar, technischer Kundenservice 07142/7887-333 bzw. info.technik@sw-bb.de.
Stadtwerke Böblingen GmbH & Co. KG;GmbH & Co. KG;Ernst-Reuter-Straße 15;71034;Böblingen;BW;07031 2192-82;n/a;https://www.stadtwerke-boeblingen.de;n/a;"n/a (Dokument ""Ergänzung zur BDEW TAB 2023 v2.0"" laut Website vorhanden, PDF-URL nicht ermittelt)";n/a;https://www.stadtwerke-boeblingen.de/netze/stromnetz;2026-09-18;"Eine andere Quelle nannte die Kontakt-Email ""service@stadtwerke-bb.de"" - diese Domain weicht von der offiziellen Website (stadtwerke-boeblingen.de) ab und wurde daher NICHT uebernommen, vor Nutzung verifizieren."
Netze ODR GmbH;GmbH;Unterer Brühl 2;73479;Ellwangen;BW;07961 9336-0;info@netze-odr.de;https://www.netze-odr.de;https://www.netze-odr.de/fileadmin/Netze-ODR/Dokumente/Partner/Elektroinstallateure/Technische_Anschlussbedingungen/Niederspannung/TAB.pdf;02.05.2024 (Version 2.0);n/a;https://www.netze-odr.de/impressum;2026-09-18;"Firmiert vertrieblich auch als ""EnBW ODR"" (odr.de), der eigentliche Netzbetrieb erfolgt über die Netze ODR GmbH."
Stadtwerke Esslingen am Neckar GmbH & Co. KG;GmbH & Co. KG;Fritz-Müller-Straße 60;73730;Esslingen am Neckar;BW;0711 3907-200;n/a;https://www.swe.de;n/a;n/a;n/a;https://www.swe.de/de/Netze/Stromnetz/;2026-09-18;Direkter PDF-Link zur TAB Niederspannung Strom nicht auffindbar (nur TAB fuer Erdgas/Wärme öffentlich verlinkt), ueber Downloadbereich der Website evtl. verfuegbar.
badenova NETZE GmbH;GmbH;Tullastraße 61;79108;Freiburg im Breisgau;BW;0800 2212621;service@badenovanetze.de;https://www.badenovanetze.de;https://www.badenovanetze.de/api/files/f/307935/x/2364df0639/tab-baden-wuerttemberg.pdf;n/a (TAB BW, separate Ergänzungen der badenova NETZE verlinkt);Netzportal (https://netzportal.badenovanetze.de) - seit Juli 2025 vollständig digitale Anmeldung;https://badenovanetze.de/marktpartner/elektroinstallateure/;2026-09-18;Betreibt Stromnetze auch in zahlreichen weiteren Kommunen der Region Freiburg/Südbaden über Konzessionsverträge.
STADTWERK AM SEE GmbH & Co. KG;GmbH & Co. KG;Kornblumenstraße 7/1;88046;Friedrichshafen;BW;07541 505-0;n/a;https://www.stadtwerk-am-see.de;https://www.stadtwerk-am-see.de/de/Netz1/Stromnetz/Netzanschluss/Technische-Anschlussbedingungen-TAB-NS-SWSee-Stand-Februar-2024.pdf;Februar 2024;n/a;https://www.stadtwerk-am-see.de/de/Netz1/Stromnetz/Netzanschluss.html;2026-09-18;Zustaendig u.a. fuer Friedrichshafen, nur EDI-Kontakt (swsee-netz-strom@energiedaten.info) bekannt, keine allgemeine Email gefunden. Registergericht Freiburg, HRA 702913.
EVF Energieversorgung Filstal GmbH & Co. KG;GmbH & Co. KG;Großeislinger Straße 30;73033;Göppingen;BW;07161 6101-0;info@evf.de;https://evf.de;https://evf.de/dateien/netze-2021/ergaenzungen-zur-tab-2023-evf.pdf;2023 (Ergänzungen zur TAB 2023);n/a;https://evf.de/netze/stromnetz;2026-09-18;Netzbetreiber fuer Goeppingen (Filstal).
Stadtwerke Heidelberg Netze GmbH;GmbH;Alte Eppelheimer Straße 26;69115;Heidelberg;BW;0800 3692255;kontakt@netze-heidelberg.de;https://www.netze-heidelberg.de;https://www.netze-heidelberg.de/de/Installation-Stromanlagen-/TAB-U000-K100-TAB-Niederspannung-2026-04.pdf;April 2026;Netzportal (https://netzportal.swhd.de);https://www.netze-heidelberg.de/kontakt;2026-09-18;
NHF Netzgesellschaft Heilbronn-Franken mbH;GmbH (mbH);Weipertstraße 39;74076;Heilbronn;BW;0800 7711666;anschlussservice@n-hf.de;https://www.n-hf.de;https://www.n-hf.de/files/downloads/pdf/netzanschluss_strom/niederspannung/TAB-2023-Bundesmusterwortlaut.pdf;2023 v2.0 (Ergänzung Stand 28.07.2025);n/a;https://www.n-hf.de/netzanschluss/technische-anschlussbedingungen-niederspannung.html;2026-09-18;Region Heilbronn-Franken, Beteiligungsstruktur (u.a. ZEAG Energie AG) nicht abschließend verifiziert.
Netzgesellschaft Heilbronner Land GmbH & Co. KG;GmbH & Co. KG;Weipertstraße 39;74076;Heilbronn;BW;0800 5889499;anschlussservice@n-hl.de;https://www.n-hl.de;https://www.n-hl.de/netzanschluss/technische-anschlussbedingungen-niederspannung.html?file=files/downloads/pdf/einspeisung/niederspannung/TAB-2023-Bundesmusterwortlaut.pdf&cid=5324;2023 v2.0 (Ergänzung Stand 28.07.2025);n/a;https://www.n-hl.de/netzanschluss/technische-anschlussbedingungen-niederspannung.html;2026-09-18;Netzbetreiber fuer das laendliche Heilbronner Umland, separate Gesellschaft neben der NHF.
Stadtwerke Karlsruhe Netzservice GmbH;GmbH;Daxlander Str. 72;76185;Karlsruhe;BW;+49 721 599-4400;netzanschluss@netzservice-swka.de;https://www.netzservice-swka.de;https://www.netzservice-swka.de/netze-wAssets/docs/downloads/technische-anschlussbedingungen-niederspannung.pdf;n/a;n/a;https://www.netzservice-swka.de/netze/kontakt/index.php;2026-09-18;
Stadtwerke Konstanz GmbH;GmbH;Max-Stromeyer-Straße 21a;78467;Konstanz;BW;+49 7531 803-4250;betriebsbuero@stadtwerke-konstanz.de;https://www.stadtwerke-konstanz.de;https://www.enwg-veroeffentlichungen.de/konstanz/Netze/Stromnetz/Netzanschluss/Ergaenzungen-zur-TAB-BW-2019-NS-der-Stadtwerke-Konstanz-GmbH.pdf;01.08.2019;Netzportal (https://portallv.stadtwerke-konstanz.de);https://www.stadtwerke-konstanz.de/netze/infocenter/;2026-09-18;
E-Werk Netze GmbH & Co. KG;GmbH & Co. KG;E-Werk-Straße 1;77933;Lahr;BW;n/a;n/a;https://www.ew-netze.de;https://www.ew-netze.de/sites/default/files/media_document/2024-12/1000_BDEW_Bundesmusterwortlaut_TAB_2023Version2.pdf;TAB 2023 v2.0 (PDF Stand Dezember 2024, Ergänzung ab 01.01.2025);n/a;https://www.ew-netze.de/technische-anschlussbedingungen;2026-09-18;"Vormals ""Überlandwerk Mittelbaden GmbH & Co. KG"" (uewm.de) - Domain leitet per Redirect auf ew-netze.de weiter, Netzgebiet Mittelbaden/Lahr."
Stadtwerke Ludwigsburg-Kornwestheim GmbH;GmbH;Gänsfußallee 23;71636;Ludwigsburg;BW;07141/910-2680;info@swlb.de;https://www.swlb.de;n/a;n/a;ludwigsburg.esn-dna.de (Netzanschluss-Portal);https://www.swlb.de/netze-veroeffentlichungspflichten;2026-09-18;Direkter PDF-Link zur TAB Niederspannung auf der Veröffentlichungsseite nicht auffindbar, bitte direkt bei SWLB erfragen.
MVV Netze GmbH;GmbH;Luisenring 49;68159;Mannheim;BW;(0621) 290-2121;info@mvv-netze.de;https://www.mvv-netze.de;https://www.mvv-netze.de/fileadmin/user_upload_mvv-netze/Dokumente/bauen/technische_regelwerke/strom_1/MVV-Netze_TAB_NS_vfew_BadenWuertemberg.pdf;TAB BW 2019 (vfew) plus Ergänzung MVV Netze;Netzanschlussportal (https://www.mvv-netze.de/ich-moechte-bauen/netzanschluss);https://www.mvv-netze.de/impressum;2026-09-18;
SWP Stadtwerke Pforzheim GmbH & Co. KG;GmbH & Co. KG;Sandweg 22;75179;Pforzheim;BW;(07231) 3971-3971;serviceline@stadtwerke-pforzheim.de;https://www.stadtwerke-pforzheim.de;https://www.stadtwerke-pforzheim.de/fileadmin/user_upload/Downloads/Netze/Netzanschluss_Strom/SWP-Erlaeuterungen-zur-TAB-2023.pdf;02.05.2023;n/a;https://www.stadtwerke-pforzheim.de/kontakt;2026-09-18;
Stadtwerke Rastatt GmbH;GmbH;Markgrafenstr. 7;76437;Rastatt;BW;07222 7730;n/a;https://www.stadtwerke-rastatt.de;https://www.stadtwerke-rastatt.de/media/docs/service-und-beratung/netze/stromnetz/netzanschluss/Technische-Anschlussbedingungen_2026.pdf;2026;Kundenportal (https://www.stadtwerke-rastatt.de/kundenportal);https://www.stadtwerke-rastatt.de/de/netze/stromnetz/;2026-09-18;
TWS Netz GmbH;GmbH;Schussenstraße 22;88212;Ravensburg;BW;0751 804-0;n/a;https://www.tws-netz.de;https://www.tws-netz.de/de/Installateure/Installateure-Partner/TWS-Netz-Technische-Anschlussbedingungen-Niederspannung-2024.pdf;2024;Installateurportal (https://www.tws-netz.de/installateure);https://www.tws-netz.de/de/Unsere-Netze/Stromnetz/;2026-09-18;Zustaendig fuer Ravensburg, Weingarten, Eschach.
FairNetz GmbH;GmbH;Hauffstraße 89;72762;Reutlingen;BW;07121 582-3000;installationen-strom@fairnetzgmbh.de;https://www.fairnetzgmbh.de;https://www.fairnetzgmbh.de/Downloads/PDF/Strom/Technische%20Bedingungen%20Niederspannung/TABs/Technische%20Anschlussbedingungen%20(TAB)%20Niederspannung%20Erl%C3%A4uterungen%20der%20FairNetz_2024.pdf;Februar 2024;n/a;https://www.fairnetzgmbh.de/de/marktpartner-installateure/installateure;2026-09-18;"Tatsächlicher VNB fuer Reutlingen ist die FairNetz GmbH (Tochter der Stadtwerke Reutlingen GmbH), nicht eine ""Stadtwerke Reutlingen Netze GmbH""."
naturenergie netze GmbH;GmbH;Schildgasse 20;79618;Rheinfelden (Baden);BW;0800 7354124;netzservice@naturenergie-netze.de;https://www.naturenergie-netze.de;https://www.naturenergie-netze.de/fileadmin/ednetze/PDF/Netzkunden/Bezugskunden/Anschlussbedingungen/TAB_2023/BDEW_Bundesmusterwortlaut_TAB_2023_v2.pdf;TAB 2023 v2 (Ergänzungen der naturenergie netze GmbH Version 3.0);Netzanschlussportal (https://netzanschlussportal.naturenergie-netze.de/onlineportal);https://www.naturenergie-netze.de/impressum;2026-09-18;"Frühere Firmierung ""ED Netze GmbH"" (Energiedienst-Konzern), zuständig u.a. für Rheinfelden/Lörrach/Südbaden. Registergericht Freiburg, HRB 413481."
Stadtwerke Schwäbisch Hall GmbH;GmbH;An der Limpurgbrücke 1;74523;Schwäbisch Hall;BW;+49 791 401-0;frontoffice@stadtwerke-hall.de;https://www.stadtwerke-hall.de;https://stadtwerke-hall.de/fileadmin/user_upload/Dokumente/Netze/Installation/34_Hausanschluss_beantragen/Netzanschluss_Strom/1000_BDEW_Bundesmusterwortlaut_TAB_2023.pdf;2023;n/a;https://stadtwerke-hall.de/download/;2026-09-18;Postadresse laut Impressum auch Postfach 10 06 08, 74506 Schwäbisch Hall.
Stadtwerke Sigmaringen GmbH;GmbH;Marie-Curie-Straße 8;72488;Sigmaringen;BW;0800 92770333;n/a;https://www.stadtwerke-sigmaringen.de;https://www.stadtwerke-sigmaringen.de/de/Privatkundinnen/Energie-Wasser/Erdgas/Produktuebersicht/Informationen/Bauherren/Bauherren/Technische-Anschlussbedingungen-2019-Okt08-2024.pdf;08.10.2024 (unsicher);n/a;https://www.stadtwerke-sigmaringen.de/de/Kopfnavigation/Netze/Stromnetz.html;2026-09-18;"Der gefundene Link-Pfad enthaelt ""Erdgas"" und wirkt uneindeutig zwischen Gas/Strom-TAB, nicht abschliessend verifiziert, bitte pruefen. Email verschluesselt/nicht extrahierbar."
Stadtwerke Sindelfingen GmbH;GmbH;Rosenstraße 47;71063;Sindelfingen;BW;+49 7031 6116-0;info@stadtwerke-sindelfingen.de;https://www.stadtwerke-sindelfingen.de;https://www.stadtwerke-sindelfingen.de/fileadmin/stadtwerke-sindelfingen.de/assets/netze/stromnetz/Netzanschluss/Strom_TAB-Niederspannung.pdf;n/a;n/a;https://www.stadtwerke-sindelfingen.de/netze/stromnetz/marktpartner/;2026-09-18;
Netze BW GmbH;GmbH;Schelmenwasenstraße 15;70567;Stuttgart;BW;0800 3629-900;kontakt@netze-bw.de;https://www.netze-bw.de;https://assets.cdn.netze-bw.de/xytfb1vrn7of/1hliYAzGOiWEc8OCg00wyO/94ebcd0aa8b911c5fbcc377f83e371a2/ergaenzung-zur-tab-2023-durch-die-netze-bw.pdf;TAB 2023 (Ergänzung Netze BW, genaues Ergänzungsdatum nicht ermittelt);Mein Kundenportal (https://meine.netze-bw.de/);https://www.netze-bw.de/unternehmen/veroeffentlichungen;2026-09-18;Größter Flächen-VNB in BW (EnBW-Konzern). Basisdokument ist der BDEW-Bundesmusterwortlaut TAB 2023, hier verlinkt die unternehmensspezifische Ergänzung.
Stuttgart Netze GmbH;GmbH;Kesselstraße 21-23;70327;Stuttgart;BW;0800 4804-400;n/a;https://www.stuttgart-netze.de;https://www.stuttgart-netze.de/filer/sharing/1692865203/2551/;TAB 2023, Ergänzungen Stand 12/2023;n/a;https://www.stuttgart-netze.de/partner/services/technische-anschlussbedingungen/;2026-09-18;E-Mail-Adressen auf der Website sind per JavaScript verschleiert und konnten nicht zuverlässig extrahiert werden.
Stadtwerke Tübingen GmbH (swt);GmbH;Eisenhutstraße 6;72072;Tübingen;BW;+49 7071 157-300;netzservice@swtue.de;https://www.swtue.de;https://www.swtue.de/fileadmin/user_upload/5Netze/Installateurservice/Elektroinstallateure/BDEW_Bundesmusterwortlaut_TAB_2023_v20230502.pdf;02.05.2023;n/a;https://www.swtue.de/netze/installateurservice/elektroinstallateure/anschlussbedingungen.html;2026-09-18;"Netzbereich firmiert als ""swt"", kein separater Rechtsträger ""swt Netze GmbH"" identifiziert, Netzbetrieb ist Teil der Stadtwerke Tübingen GmbH."
Stadtwerke Ulm/Neu-Ulm Netze GmbH;GmbH;Karlstraße 1-3;89073;Ulm;BW;0731 166-0;info@ulm-netze.de;https://www.ulm-netze.de;https://www.ulm-netze.de/fileadmin/content/downloadcenter/Strom/Informationen_fuer_Installateure/Netze-Strom-Ergaenzende-TAB-Niederspannung.pdf;n/a;Netzanschluss-Portal (https://netzportal.ulm-netze.de);https://www.ulm-netze.de/online-services/downloads;2026-09-18;
Stadtwerke Villingen-Schwenningen GmbH;GmbH;Pforzheimer Straße 1;78048;Villingen-Schwenningen;BW;07721 40505;info@svs-energie.de;https://www.svs-energie.de;https://www.svs-energie.de/fileadmin/user_upload/Netze/Strom/TAB/2018_Ergaenzungen_TAB_Niederspannung.pdf;TAB 2019 (Ergänzungen SVS Stand 17.11.2021);Netzanschlussportal (https://svs-energie.de/netze/netzanschlussportal/);https://www.svs-energie.de/netze/veroeffentlichungspflichten-netzzugang/strom/netzanschluss-tab.html;2026-09-18;Firmiert auch als SVS.
Stadtwerke Waiblingen GmbH;GmbH;Schorndorfer Straße 67;71332;Waiblingen;BW;+49 7151 131-0;tkb@stadtwerke-waiblingen.de;https://www.stadtwerke-waiblingen.de;https://www.stadtwerke-waiblingen.de/resources/01%20Website/Unterseiten/Stromnetz/Netzanschluss/Downloads%20Netzanschluss/Erg%C3%A4nzung%20zur%20TAB%202007%20Strom%20Dezember%202017.pdf;Dezember 2017 (Ergänzung zur TAB 2007 - moeglicherweise nicht mehr die aktuellste Fassung, eine neuere TAB 2023 wurde nicht gefunden);netzanschluss.stadtwerke-waiblingen.de;https://www.stadtwerke-waiblingen.de/Netze/Stromnetz/Netzanschluss;2026-09-18;TAB-Link/Stand unsicher, bitte verifizieren.
wesernetz Bremen GmbH;GmbH;Theodor-Heuss-Allee 20;28215;Bremen;HB;0421 359-1212;n/a;https://www.wesernetz.de;https://www.wesernetz.de/-/media/wesernetz/downloads-aktuell/fuer-bauende/downloads/strom/dokumente-fuer-mehrere-akkordeons/netze_hb-bhv_105_tab-ns-nord-und-beiblatt.pdf;TAB NS Nord 2024 v2.0 und Beiblatt (gemeinsames Dokument HB/Bremerhaven);n/a;https://www.wesernetz.de/kontakt | https://www.wesernetz.de/fuer-partner/installateure/kundenanlagen;2026-09-18;"Teil der swb-Gruppe, Marke ""wesernetz Bremen und Bremerhaven"". Für Bremerhaven besteht eine separate Rechtseinheit (siehe eigener Datensatz ""wesernetz Bremerhaven GmbH""). Handelsregister Bremen HRB 29317 HB."
wesernetz Bremerhaven GmbH;GmbH;Hansastraße 17/19;27568;Bremerhaven;HB;0471 477-1212;n/a;https://www.wesernetz.de;https://www.wesernetz.de/-/media/wesernetz/downloads-aktuell/fuer-bauende/downloads/strom/dokumente-fuer-mehrere-akkordeons/netze_hb-bhv_105_tab-ns-nord-und-beiblatt.pdf;TAB NS Nord 2024 v2.0 und Beiblatt (gemeinsames Dokument HB/Bremerhaven);n/a;https://www.wesernetz.de/kontakt;2026-09-18;Teil der swb-Gruppe, eigene Rechtseinheit für Bremerhaven (Handelsregister Bremen HRB 29522 HB), separat von wesernetz Bremen GmbH.
Stadtwerke Bad Homburg;n/a - Rechtsform unsicher (kommunales Unternehmen/Eigenbetrieb, HRA-Eintrag gefunden statt HRB);Justus-von-Liebig-Str. 3;61352;Bad Homburg v. d. Höhe;HE;06172 4013-200;stadtwerke@bad-homburg.de;https://www.stadtwerke-bad-homburg.de;n/a - TAB Niederspannung Strom online nicht auffindbar (nur TAB Gas gefunden);n/a;n/a - nicht auffindbar;https://www.stadtwerke-bad-homburg.de/de/unternehmen/kontakt/impressum | https://www.stadtwerke-bad-homburg.de/de/netze;2026-09-18;"ACHTUNG: Verwechslungsgefahr mit ""Stadtwerke Homburg GmbH"" in Homburg/Saarland (anderes Bundesland) - hier korrekt Bad Homburg v.d. Höhe in Hessen recherchiert. Rechtsform und TAB-NS-Strom-Link nicht sicher auffindbar, für Datenbank-Zwecke ggf. direkt beim Betreiber nachfragen."
Stadtwerke Bad Vilbel GmbH;GmbH;Theodor-Heuss-Straße 51;61118;Bad Vilbel;HE;+49 6101 528-01;kundenservice@sw-bv.de;https://www.sw-bv.de;n/a - genauer PDF-Link nicht verifiziert (Ergänzende Bedingungen bekannt: sw-bv.de/_Resources/.../Ergaenzende Bedingungen Strom NS.pdf, Haupt-TAB-Datei nicht sicher identifiziert);n/a;https://netzportal.sw-bv.de;https://www.sw-bv.de/netze/netznutzung/stromnetz.html | https://www.sw-bv.de/netze.html;2026-09-18;Netzbetreiber für Strom (und weitere Sparten) in Bad Vilbel.
GGEW AG;AG;Dammstraße 68;64625;Bensheim;HE;06251 1301-0;n/a;https://www.ggew.de;n/a - TAB Niederspannung Strom als eigenes PDF nicht auffindbar (nur TAB Mittelspannung: GGEW_Technische_Anschlussbedingungen_Mittelspannung.pdf);n/a;"https://ggew-netzportal.de/ (Zweck ""Kundenmarktplatz"", Funktion als Anmeldeportal nicht klar bestätigt)";https://www.ggew.de/impressum/ | https://www.ggew.de/service/downloads/ | https://www.ggew.de/hausanschluss/;2026-09-18;"""Gruppen-Gas- und Elektrizitätswerk Bergstraße AG"", ist der VNB für Bensheim/Bergstraße (entspricht dem in der Aufgabenstellung genannten ""e-ben""/Kraftversorgung Bensheim, historischer Name ""e-ben"" konnte als eigenständige Website nicht bestätigt werden - GGEW AG ist die aktuelle Netzbetreiber-Gesellschaft)."
e-netz Südhessen AG;AG;Dornheimer Weg 24;64293;Darmstadt;HE;06151 701-5050;info@e-netz-suedhessen.de;https://www.e-netz-suedhessen.de;https://www.e-netz-suedhessen.de/fileadmin/download/BDEW_Bundesmusterwortlaut_TAB.pdf;Stand 02. Mai 2024 (BDEW-Bundesmusterwortlaut) + Ergänzungen der e-netz Südhessen AG (separates PDF: .../Ergaenzungen_zum_BDEW-Bundesmusterwortlaut.pdf);https://www.e-netz-suedhessen.de/kundenportal;https://www.e-netz-suedhessen.de/kontakt-service | https://www.e-netz-suedhessen.de/unternehmen/marktpartner/installateure/technische-anschlussbedingungen;2026-09-18;"Dies ist der tatsächliche Verteilnetzbetreiber der ENTEGA-Gruppe für Darmstadt/Südhessen, wird umgangssprachlich/in Anfragen oft als ""ENTEGA Netzgesellschaft"" bezeichnet, offizieller Firmenname laut Website ist ""e-netz Südhessen AG"" (nicht ""ENTEGA Netzgesellschaft mbH"")."
NRM Netzdienste Rhein-Main GmbH;GmbH;Solmsstraße 38;60486;Frankfurt am Main;HE;069 213-05;n/a;https://www.nrm-netzdienste.de;https://www.nrm-netzdienste.de/resource/blob/137162/0360e1004ed28f64404349b700ea9bdb/tab-0-4-kv-niederspannung-formblatt-2024-1600-2-data.pdf;gültig ab 01.01.2025;https://www.nrm-netzdienste.de/de/netzanschluss/netzportal;https://www.nrm-netzdienste.de/de/impressum | https://www.nrm-netzdienste.de/de/netzanschluss/netzsparte-strom;2026-09-18;"Ehemals ""Mainova Netzservice"", Netzbetreiber für Frankfurt am Main und angrenzende Gemeinden im Rhein-Main-Gebiet (Mainova-Tochter). Allgemeine E-Mail-Adresse nicht öffentlich auffindbar, nur Kontaktformular."
OsthessenNetz GmbH;GmbH;Gerbergasse 9;36037;Fulda;HE;0661 29 90;n/a;https://osthessennetz.de;n/a - kein spezifischer TAB-NS-PDF-Link sicher verifiziert (nur Ergänzende Bestimmungen zur TAB Mittelspannung gefunden);n/a;https://osthessennetz.de/unternehmen/kontakt/kundenportale/;https://osthessennetz.de/downloads/ | https://osthessennetz.de/impressum/ (Fetch schlug fehl, Adresse aus GelbeSeiten-Eintrag) | GelbeSeiten-Eintrag;2026-09-18;"Netzbetreiber für Fulda/Osthessen (RhönEnergie-Gruppe, entspricht dem in der Aufgabenstellung genannten ""Stadtwerke Fulda""). Impressum-Seite direkt nicht abrufbar gewesen, Adresse über Drittquelle (GelbeSeiten) verifiziert - VOR Nutzung nochmal auf osthessennetz.de/impressum gegenprüfen. TAB-NS-Link unsicher."
Mittelhessen Netz GmbH;GmbH;Lahnstraße 31;35398;Gießen;HE;0641 708-1618;anschluss@mit-n.de;https://www.mit-n.de;https://www.mit-n.de/fileadmin/user_upload/Dateien/Netzanschluesse/Strom/TAB_Niederspannung.pdf;n/a - auf PDF nicht sicher identifiziert;n/a - nur PDF-Anmeldeformular gefunden (Anmeldung_Anschluss_Niederspannungsnetz.pdf), kein Online-Portal verifiziert;https://www.mit-n.de/impressum | https://www.mit-n.de/netzanschluesse/strom/;2026-09-18;"Kurzname ""MIT.N"", ist die Netzgesellschaft der Stadtwerke Gießen AG (entspricht dem in der Aufgabenstellung genannten ""Stadtwerke Gießen Netzdienste"")."
Hanau Netz GmbH;GmbH;Leipziger Straße 17;63450;Hanau;HE;06181 365-6293;netzvertrieb@hanau-netz.de;https://hanau-netz.de;n/a - genauer PDF-Link nicht verifiziert (Downloadbereich: hanau-netz.de/netzanschluss/strom, TAB 2023 + Ergänzende Bestimmungen erwähnt);TAB 2023 (Bundesmusterwortlaut) + Ergänzende Bestimmungen zur TAB 2023 im Netzgebiet Hanau;https://online-portal.hanau-netz.de;https://hanau-netz.de/netzanschluss/strom | https://hanau-netz.de/impressum | Handelsregister HRB 94188 Amtsgericht Hanau;2026-09-18;"Eigenständige Netzgesellschaft, rechtlich getrennt von der ""Stadtwerke Hanau GmbH"" (Vertrieb). Entspricht dem in der Aufgabenstellung genannten ""Stadtwerke Hanau""."
EAM Netz GmbH;GmbH;Monteverdistraße 2;34131;Kassel;HE;0800 32 505 32;Info@EAM-Netz.de;https://www.eam-netz.de;https://www.eam-netz.de/fileadmin/user_upload/Fuer_Zuhause/Hausanschluss/Anschlussbedingungen/TAB_NS_EAM_Netz.pdf;01.01.2025;https://domino01.eam.de/portal/portal.nsf/home_neubau.xsp;https://www.eam-netz.de/impressum/ | https://www.eam-netz.de/fileadmin/user_upload/Fuer_Partner/PDFs/Netzanschluss/231201_Kontaktdatenblatt_Strom_EAM_Netz_01.pdf;2026-09-18;Größter Flächen-VNB in Nordhessen (Kassel/Schwalm-Eder/Werra-Meißner u.a.), Tochter der EAM-Gruppe.
Städtische Werke Netz + Service GmbH;GmbH;Eisenacher Straße 12;34123;Kassel;HE;+49 561 5745-0;info@netzplusservice.de;https://netzplusservice.de;https://netzplusservice.de/fileadmin/netzplusservice/docs/fuer-partner_fuer-elektroinstallateure/BDEW_Bundesmusterwortlaut_TAB_2023_V2.pdf;TAB 2023 V2, gültig ab 01.07.2023 (zusätzlich Ergänzende Bedingungen V3 vom 14.01.2025);n/a - kein Online-Anmeldeportal verifiziert;https://netzplusservice.de/impressum/ | https://netzplusservice.de/aktuell/neue-technische-anschlussbedingungen-tab-strom/ | Handelsregister HRB 15211 Amtsgericht Kassel;2026-09-18;"Netzbetreiber für die Stadt Kassel selbst (Konzern Städtische Werke AG Kassel / KVV). Entspricht dem in der Aufgabenstellung genannten ""Kassel selbst""."
Stadtwerke Langen GmbH;GmbH;Weserstraße 14;63225;Langen (Hessen);HE;06103 595-260;kundenservice@stadtwerke-langen.de;https://stadtwerke-langen.de;"n/a - PDF-Link nicht sicher verifiziert (nur ""Allgemeine Bedingungen für Strom-Netzanschlüsse"" v2.1 Stand 8.2022 gefunden, TAB NS selbst nicht direkt verlinkt gesehen)";TAB 2023 (laut Website-Text erwähnt, PDF-Link nicht verifiziert);n/a;https://stadtwerke-langen.de/netze/ | https://stadtwerke-langen.de/impressum/;2026-09-18;Netzbetreiber für Strom, Gas, Fernwärme und Trinkwasser in Langen und Egelsbach.
Energieversorgung Limburg GmbH (EVL);GmbH;Ste.-Foy-Straße 36;65549;Limburg an der Lahn;HE;06431 2903-0;servicecenter@evl.de;https://www.evl.de;n/a - direkter PDF-Link nicht verifiziert (Verweis auf enwg-veroeffentlichungen.de/limburg/Netze/Stromnetz gefunden);n/a;n/a;https://www.evl.de/netze/strom/ | https://www.evl.de/impressum/ | Handelsregister HRB 59 Amtsgericht Limburg;2026-09-18;"Kurzname ""EVL"". Entspricht dem in der Aufgabenstellung genannten ""Stadtwerke Limburg""."
Stadtwerke Marburg GmbH;GmbH;Am Krekel 55;35039;Marburg;HE;06421 205-0;info@swmr.de;https://www.stadtwerke-marburg.de;https://www.stadtwerke-marburg.de/fileadmin/user_upload/Seiteninhalte/Hausanschluesse_Netze/Hausanschluss_Strom/Technische_Anschlussbedingungen_fuer_den_Anschluss_an_das_Niederspannungsnetz.pdf;n/a - auf Seite nicht angegeben;https://kundenportal.swmr.de/swmr-portal/availability;https://www.stadtwerke-marburg.de/impressum | https://www.stadtwerke-marburg.de/netze/hausanschluesse/strom-gas-wasser;2026-09-18;"Kurzname ""SWMR"". TAB-Link ggf. mit URL-Encoding auf Originalseite abweichend (Umlaute), vor Verwendung Original-URL von stadtwerke-marburg.de erneut prüfen."
Niestetal Netz GmbH;GmbH;Dr.-Walter-Lübcke-Platz 1;34266;Niestetal;HE;+49 561 5745-0;n/a;https://www.niestetalnetz.de;n/a - nicht auffindbar (wahrscheinlich identisch mit TAB der Netz + Service GmbH, betriebsgeführt);n/a;n/a;https://www.niestetalnetz.de/impressum/ | Handelsregister HRB 16381 Amtsgericht Kassel;2026-09-18;Kleiner eigenständiger VNB für die Gemeinde Niestetal (bei Kassel), wird betrieblich von der Städtische Werke Netz + Service GmbH mitbetreut (gleiche Geschäftsführer/Adresse c/o Netz+Service, Postfach 103606, 34036 Kassel). Nicht in der ursprünglichen Liste enthalten, aber als eigener Netzbetreiber identifiziert.
Energienetze Offenbach GmbH;GmbH;Andréstraße 71;63067;Offenbach am Main;HE;069/8060-111;info@energienetze-offenbach.de;https://www.energienetze-offenbach.de;https://www.energienetze-offenbach.de/fileadmin/user_upload_eno/Dokumente/Netzanschluss/TAB_2019_Bundesmusterwortlaut_v_20190925_Anpassung_Kap_5_1.pdf;TAB 2019 (Anpassung Kap. 5.1 vom 25.09.2019);n/a - kein eindeutiges Online-Portal gefunden;https://www.energienetze-offenbach.de/impressum | https://www.energienetze-offenbach.de/netzanschluss/anschlussbedingungen/strom-tabs-gesetze;2026-09-18;"Kurzname ""ENO"", Netzbetreiber für die Stadt Offenbach am Main."
Energieversorgung Rüsselsheim GmbH;GmbH;Walter-Flex-Straße 74;65428;Rüsselsheim am Main;HE;06142 500-0;n/a;https://www.swr-netze-ruesselsheim.de;n/a - nicht eindeutig verifiziert;n/a;https://netzanschluss.stadtwerke-ruesselsheim.de;https://www.swr-netze-ruesselsheim.de/de/Home/Impressum/ | https://www.swr-netze-ruesselsheim.de/de/Stromnetz/;2026-09-18;"Ist die eigentliche Netzgesellschaft (nicht die vertriebsseitige ""Stadtwerke Rüsselsheim"", die als Eigenbetrieb auftritt), Handelsregister HRB 83958 Amtsgericht Darmstadt. Entspricht dem in der Aufgabenstellung genannten ""Stadtwerke Rüsselsheim""."
enwag energie- und wassergesellschaft mbH;mbH (GmbH);Hermannsteiner Straße 1;35576;Wetzlar;HE;+49 6441 939-0;n/a - E-Mail auf Impressum-Seite nur als codierter Link vorhanden;https://www.enwag.de;n/a - kein spezifisches TAB-NS-PDF sicher verifiziert (nur Netzanschlussvertrag-PDF gefunden);n/a;n/a;https://www.enwag.de/de/Footer/Impressum/ | https://www.enwag.de/de/Netze/Veroeffentlichungen-Auskuenfte/Stromnetzdaten1/ | Handelsregister HRB 1025 Amtsgericht Wetzlar;2026-09-18;"Straßenname laut automatisiertem Fetch ""Hermannsteuer Straße"" wiedergegeben - das ist wahrscheinlich ein OCR/Lesefehler, korrekt dürfte ""Hermannsteiner Straße"" sein, vor Nutzung in der Datenbank die Adresse direkt auf enwag.de verifizieren. Entspricht dem in der Aufgabenstellung genannten ""Stadtwerke Wetzlar""."
Stadtwerke Wiesbaden Netz GmbH;GmbH;Konradinerallee 25;65189;Wiesbaden;HE;0611 145-0;strom@sw-netz.de;https://www.sw-netz.de;https://www.sw-netz.de/wp-content/uploads/TAB_2023.pdf;2023;https://www.sw-netz.de/netzanschlussportal-test/;https://www.sw-netz.de/ | https://www.sw-netz.de/netzanschluss/technische-anschlussbedingungen/;2026-09-18;"Netzbetreiber für Wiesbaden und Taunusstein. Anmeldeportal-URL enthält ""-test"" im Pfad, stammt aber direkt von der offiziellen Seite - vor Verwendung ggf. verifizieren."
Syna GmbH;GmbH;Ludwigshafener Str. 4;65929;Frankfurt am Main;HE, RP;069 3107 1060;netznutzungsmanagement@syna.de;https://www.syna.de;https://www.syna.de/content/dam/syna-de/dokumente/netzanschluss/anschlussbedingungen/tab-ns-syna-gmbh.pdf;Januar 2025;https://meine.syna.de/netzanschluss;https://www.syna.de/corp/netzanschluss/anschlussbedingungen | https://www.syna.de/content/dam/syna-de/dokumente/netzzugang-und-messstellenbetrieb/netzzugang-und-messung-strom/syna-strom-kontaktdatenblatt.pdf | Handelsregister HRB 74234 Frankfurt | https://www.syna.de/corp/impressum (Fetch fehlgeschlagen, Adresse aus Branchenverzeichnis) | https://www.suewag.com/corp/ueber-uns/geschaeftsfelder/syna-gmbh;2026-09-18;[Zusammengeführt aus 2 Regions-Treffern] Mit Abstand größter Flächen-VNB in Hessen (Gemeinschaftsunternehmen Süwag/Mainova), deckt weite Teile Mittel-/Südhessens ab (u.a. Hofheim a.T., Main-Taunus-Kreis, Wetteraukreis, Vogelsberg u.v.m.). E-Mail ist die Netznutzungsmanagement-Kontaktadresse aus dem Kontaktdatenblatt, eine allgemeine Service-Mail war öffentlich nicht auffindbar. || UNSICHER: Adresse nicht direkt aus Impressum verifiziert. Syna GmbH ist der heutige Netzbetreiber, der das frühere Netzgeschäft der Süwag Netz GmbH übernommen hat, betreut u.a. Rhein-Lahn-Kreis und Teile des Westerwaldkreises in RLP (gemeinsam mit Hessen/Bayern-Gebieten). Telefon/Email nicht auffindbar.
Hamburger Energienetze GmbH (Marke: Stromnetz Hamburg);GmbH;Bramfelder Chaussee 130;22177;Hamburg;HH;040 49 20 200;kundenservice-strom@hamburger-energienetze.de;https://www.hamburger-energienetze.de;https://filehub.admiralcloud.com/v5/deliverFile/9e8ae001-ec10-4c40-b06b-0d1b953747f9?download=true;TAB NS Nord 2023;n/a - eigenes Anmeldeportal nicht verifiziert;https://www.hamburger-energienetze.de/impressum | https://de.wikipedia.org/wiki/Hamburger_Energienetze | https://www.hamburger-energienetze.de/verbrauchen-erzeugen/planen-anmelden/technische-anschlussbedingungen/niederspannung;2026-09-18;"Fusion von Stromnetz Hamburg GmbH und Gasnetz Hamburg GmbH zum 02.09.2024 zu Hamburger Energienetze GmbH (100% Freie und Hansestadt Hamburg), Marke/Domain ""Stromnetz Hamburg"" wird fuer den Netzanschluss weiter genutzt (Domains stromnetz-hamburg.de/stromnetz.hamburg per robots.txt fuer Tool-Zugriff gesperrt, Daten daher ueber Impressum-Spiegel und Wikipedia verifiziert)"
Stadtwerke Greifswald GmbH;GmbH;Gützkower Landstraße 19-21;17489;Greifswald;MV;03834 53-2115;kontakt@sw-greifswald.de;https://www.sw-greifswald.de/;n/a;n/a;n/a;https://www.sw-greifswald.de , https://www.sw-greifswald.de/impressum;2026-09-18;"Netzbetreiber-Bereich vorhanden unter sw-greifswald.de/ihr-netzbetreiber/strom; TAB-PDF-Link konnte wegen Erreichen des WebFetch-Sitzungslimits in dieser Recherche nicht mehr verifiziert werden - bitte manuell pruefen. Handelsregister Amtsgericht Stralsund HRB 613."
Stadtwerke Güstrow GmbH;GmbH;Zum Hohen Rad 48;18273;Güstrow;MV;03843 288-0;stadtwerke-guestrow@stwg.de;https://www.stadtwerke-guestrow.de/;n/a;n/a;n/a;https://www.stadtwerke-guestrow.de;2026-09-18;UNSICHER: Nicht verifiziert, ob Stadtwerke Güstrow GmbH selbst als Verteilnetzbetreiber (Niederspannung) fungiert oder ob eine separate Netzgesellschaft besteht bzw. das Netz durch Dritte (z.B. WEMAG Netz) betrieben wird. TAB-Link nicht gefunden - dringend manuell nachpruefen.
Neubrandenburger Stadtwerke GmbH;GmbH;John-Schehr-Straße 1;17033;Neubrandenburg;MV;0395 3500-0;info@neu-sw.de;https://www.neu-sw.de/;n/a;n/a;n/a - Netzanschlussportal auf Website erwaehnt, genaue URL nicht verifiziert;https://www.neu-sw.de , https://www.neu-sw.de/impressum , https://www.neu-sw.de/netze;2026-09-18;"Firmiert als ""neu.sw"". Keine separate Netz-GmbH unter den gelisteten Tochtergesellschaften (u.a. Verkehrsbetriebe, Wasserbetriebe) gefunden - Stromnetzbetrieb vermutlich direkt durch die Neubrandenburger Stadtwerke GmbH. Handelsregister Amtsgericht Neubrandenburg HRB-1194. TAB-PDF-Link nicht automatisiert gefunden."
Stadtwerke Rostock AG;AG;Schmarler Damm 5;18069;Rostock;MV;0381 805-2000;kundenzentrum@swrag.de;https://www.swrag.de/;n/a;n/a;n/a;https://www.swrag.de , https://www.swrag.de/impressum;2026-09-18;"Keine separate Netzgesellschaft (z.B. ""Rostock Netz GmbH"") auf der Website identifiziert - Stromnetzbetrieb (Niederspannung) erfolgt laut Website offenbar direkt durch die Stadtwerke Rostock AG als integriertes Unternehmen. Handelsregister HRB 786. TAB-Dokument-Link nicht auffindbar/verifizierbar - bitte manuell pruefen (ggf. im Kundenportal ""Mein Portal"")."
SWS Netze GmbH;GmbH;Frankendamm 7;18439;Stralsund;MV;03831 241-0;service@netze-stralsund.de;https://www.netze-stralsund.de/;n/a;n/a;n/a;https://www.netze-stralsund.de , https://www.netze-stralsund.de/informieren/netzinformationen;2026-09-18;Eigenstaendige Netzgesellschaft der Stadtwerke Stralsund (SWS), getrennt vom Vertrieb. Netzinformationsseite vorhanden (netze-stralsund.de/informieren/netzinformationen), direkter TAB-PDF-Link dort nicht automatisiert gefunden - bitte manuell pruefen.
Stadtwerke Wismar GmbH;GmbH;Ladestraße 1a;23970;Wismar;MV;03841 233-0;kundenbetreuung@stadtwerke-wismar.de;https://www.stadtwerke-wismar.de/;n/a;n/a;n/a;https://www.stadtwerke-wismar.de;2026-09-18;UNSICHER: Auf der Website nicht explizit geklaert, ob Stadtwerke Wismar GmbH das Niederspannungsnetz selbst betreibt oder dies (ggf. teilweise) durch WEMAG Netz GmbH erfolgt (Wismar liegt im WEMAG-Netzgebiet Westmecklenburg). TAB-Link nicht gefunden - dringend manuell nachpruefen.
Stadtwerke Aurich GmbH;GmbH;Wallstr. 54 (aus Drittquelle, nicht auf Firmenwebsite verifiziert);26603;Aurich;NI;n/a;n/a;n/a - Website nicht eindeutig identifiziert;n/a;n/a;n/a;https://www.northdata.com/Stadtwerke%20Aurich%20GmbH,%20Aurich/HRB%20201740 | https://www.yelp.com/biz/stadtwerke-aurich-aurich;2026-09-18;Nur wenige Details verifizierbar, Adresse stammt aus Yelp-Eintrag, nicht aus Primärquelle.
Braunschweiger Netz GmbH (BS|NETZ);GmbH;Taubenstraße 7;38106;Braunschweig;NI;0531 383 4444;info@bs-netz.de;https://www.bs-netz.de;https://www.bs-netz.de/wp-content/uploads/sites/7/2024/03/Ergaenzende-Hinweise-zur-TAB-NS-Nord-2023.pdf;Ergänzende Hinweise zur TAB NS Nord 2023 (2024);Netzportal BS|NETZ - https://netzportal.bs-netz.de/;https://www.bs-netz.de/impressum | https://www.bs-netz.de/partner/installateure/downloads-links/;2026-09-18;Netzbetreiber der BS|ENERGY-Gruppe für Braunschweig. Gefundener TAB-Link ist die Ergänzung/Beiblatt zur bundesweiten TAB NS Nord 2023, nicht das Basisdokument selbst.
Stadtwerke Burgdorf Netz GmbH;GmbH;Vor dem Hannoverschen Tor 12;31303;Burgdorf;NI;05136 9714-292;info@netze-burgdorf.de;https://www.stadtwerke-burgdorf-netz.de;"n/a - eigener TAB-Link nicht gefunden (Referenz auf ""Netzanschlussregeln der Avacon AG"" vorhanden)";n/a;n/a;https://www.stadtwerke-burgdorf-netz.de/unternehmen/kontakt.html;2026-09-18;Möglicherweise werden Avacon-Netzanschlussregeln als Basis verwendet.
Stadtwerke Buxtehude GmbH;GmbH;Ziegelkamp 8;21614;Buxtehude;NI;04161 727-555;n/a;https://www.stadtwerke-buxtehude.de;https://www.stadtwerke-buxtehude.de/images/stories/stadtwerke-buxtehude/PDF/handwerker/strom/2019_stadtwerke-buxtehude_strom_TAB_NS_Nord_2019_Beiblatt_SWB.pdf;Beiblatt zur TAB NS Nord 2019;Netzanschlussportal (auf Website erwähnt, genauer Link nicht verifiziert);https://www.stadtwerke-buxtehude.de/kontakt-service | https://www.stadtwerke-buxtehude.de/netzbetrieb;2026-09-18;
Celle-Uelzen Netz GmbH;GmbH;Sprengerstraße 2;29223;Celle;NI;05141 16-0;info@cunetz.de;https://www.celle-uelzennetz.de;n/a - kein direkter TAB-NS-PDF-Link gefunden;n/a;n/a;https://www.dasoertliche.de/Themen/Celle-Uelzen-Netz-GmbH-Celle-Hehlentor-Sprengerstr | https://www.celle-uelzennetz.de/impressum (Fetch teils fehlgeschlagen, Daten aus Suchergebnis-Snippets);2026-09-18;"Gemeinsamer, fusionierter Netzbetreiber für Celle UND Uelzen (deckt damit auch den in der Aufgabe genannten Standort ""Stadtwerke Lüneburg/Uelzen""-Umfeld ab, Uelzen hat keinen separaten VNB mehr)."
Stadtwerke Cuxhaven GmbH;GmbH;Humphry-Davy-Str. 41;27472;Cuxhaven;NI;04721 598-0;n/a;n/a - Website nicht eindeutig identifiziert;n/a;n/a;n/a;https://www.11880.com/branchenbuch/cuxhaven/250421357B26009741/stadtwerke-cuxhaven-gmbh.html;2026-09-18;Adresse aus Branchenbuch-Drittquelle, nicht auf offizieller Firmenwebsite verifiziert.
Stadtwerke Delmenhorst GmbH;GmbH;Fischstraße 32-34;27749;Delmenhorst;NI;04221 1276-0;info@stadtwerkegruppe-del.de;https://www.stadtwerkegruppe-del.de;n/a - Downloadcenter vorhanden (https://stadtwerkegruppe-del.de/quickmenue/service/downloadcenter.html), direkter TAB-NS-Link nicht verifiziert;n/a;Netznutzungsportal - https://netznutzung.stadtwerkegruppe-del.de/;https://www.stadtwerkegruppe-del.de/kontakt/;2026-09-18;
Stadtwerke Einbeck GmbH;GmbH;Grimsehlstraße 17;37574;Einbeck;NI;05561 942-0;info@stadtwerke-einbeck.de;https://www.stadtwerke-einbeck.de;https://www.stadtwerke-einbeck.de/fileadmin/user_upload/Stadtwerke_Einbeck/pdf/Service/Downloadcenter/Strom/TAb_Strom_Beiblatt_01012026/BDEW_TAB_Nord_2023_V2.0.pdf;BDEW TAB NS Nord 2023 v2.0, gültig ab 01.01.2026;n/a;https://www.stadtwerke-einbeck.de/service/downloads;2026-09-18;
Stadtwerke Emden GmbH;GmbH;Martin-Faber-Straße 11-13;26725;Emden;NI;04921 83 500;info@stadtwerke-emden.de;https://stadtwerke-emden.de;n/a - kein direkter TAB-NS-PDF-Link gefunden, Veröffentlichungspflichten-Seite vorhanden;n/a;n/a;https://stadtwerke-emden.de/kontakt | https://stadtwerke-emden.de/netz/veroeffentlichungspflichten/stromnetz;2026-09-18;
Stadtwerke Goslar (Eigenbetrieb der Stadt Goslar);Eigenbetrieb (ohne eigene Rechtspersönlichkeit);Charley-Jacob-Straße 3;38640;Goslar;NI;+49 5321 704-200;n/a;https://www.goslar.de;n/a;n/a;n/a;https://www.goslar.de/fileadmin/media-goslar/stadt/ortsrecht-satzungen/wirtschaftliche_unternehmen/2014-12-17_satzung_stadtwerke_goslar.pdf | https://www.goslar.de/organigramm/dirk-becker-12-stadtwerke-goslar;2026-09-18;"Laut Satzung ausdrücklich ein Eigenbetrieb der Stadt Goslar, kein eigenständiges Unternehmen. Eine ältere Quelle nannte abweichend die Adresse ""Stapelner Str. 6, 38644 Goslar"" - evtl. zwei Standorte, bitte gegenprüfen. TAB-NS-Link nicht gefunden."
Stadtwerke Göttingen AG;AG;Hildebrandstraße 1;37081;Göttingen;NI;0551 301-0;stadtwerke@swgoe.de;https://www.stadtwerke-goettingen.de;n/a - kein TAB-NS-PDF gefunden;n/a;n/a;https://www.stadtwerke-goettingen.de/netze/grundversorgung/ | https://www.stadtwerke-goettingen.de/netze/;2026-09-18;WICHTIG: Stadtwerke Göttingen AG ist als Grundversorger Strom für Göttingen benannt, ob und über welche (ggf. separate) Netzgesellschaft das Niederspannungsnetz technisch betrieben wird, konnte in der verfügbaren Zeit NICHT abschließend verifiziert werden. Vor Nutzung unbedingt gegenprüfen (z.B. Marktstammdatenregister der Bundesnetzagentur).
enercity Netz GmbH;GmbH;Auf der Papenburg 18;30459;Hannover;NI;0800 225 5005;info@enercity-netz.de;https://www.enercity-netz.de;https://www.enercity-netz.de/assets/cms/eng/partner/installateure/technische-anschlussbedingungen-niederspannung/niederspannung-netzanschluss.pdf;"n/a - Dokument ""Richtlinie Niederspannungs-Netzanschlüsse"", genaues Stand-Datum nicht verifiziert (Beiblatt zur TAB NS Nord 2019 existiert separat)";n/a;https://www.enercity-netz.de/kontakt | https://www.enercity-netz.de/partner/installateure;2026-09-18;Netzbetreiber für Hannover und die Region.
EVI Energieversorgung Hildesheim GmbH & Co. KG;GmbH & Co. KG;Rathausstraße (Hausnummer nicht verifiziert);n/a;Hildesheim;NI;+49 5121 508-0;n/a;https://www.evi-netz.de;https://www.evi-netz.de/hildesheimGips/Hildesheim/__attic__20260311_171146__evi-netz.de/Netzservice/Netzanschlussbedingungen/Netzanschlussbedingungen/210610-TAB-NS-Nord-2019-v-20191127.pdf;TAB NS Nord 2019 (Basisversion vom 27.11.2019), Ergänzende Bedingungen dazu mit Stand 01.03.2023;Netzanschlussportal - https://www.evi-netz.de/netzportal , Installateurportal - https://www.evi-netz.de/installateurportal;https://www.evi-netz.de/netz/Service/Kontakt/ | https://www.evi-netz.de/netz/Anschliessen/Netzanschlussbedingungen.html;2026-09-18;"Entspricht dem in der Aufgabenstellung genannten ""Stadtwerke Hildesheim Netz"" - stadtwerke-hildesheim.de leitet inhaltlich auf evi-netz.de/EVI-Inhalte um. Genaue Hausnummer der Adresse nicht zweifelsfrei verifiziert - bitte prüfen."
Stadtwerke Leer, AöR;AöR (Anstalt des öffentlichen Rechts);Schleusenweg 16;26789;Leer (Ostfriesland);NI;0491 9277-00;n/a;https://www.stadtwerke-leer.de;n/a;n/a;n/a;https://leer.de/Stadt-Leben/Leben-in-Leer/Stadtwerke-Leer/;2026-09-18;
"Lüneburg - Klärungshinweis (kein bestätigter eigenständiger VNB ""Stadtwerke Lüneburg Netz"")";n/a;n/a;n/a;Lüneburg;NI;n/a;n/a;n/a;n/a;n/a;n/a;https://kommunal.avacon.de/de/lueneburg/aktuell.html | https://www.mynewsdesk.com/de/avacon/pressreleases/strom-waerme-und-wasser-avacon-buendelt-baumassnahmen-und-modernisiert-die-energie-infrastruktur-in-der-lueneburger-innenstadt-3328296;2026-09-18;"WICHTIG - weicht vom vorgegebenen Startpunkt ab: Es konnte KEINE eigenständige Firma ""Stadtwerke Lüneburg Netz GmbH"" identifiziert werden. Presse-/Avacon-Quellen deuten darauf hin, dass das Stromverteilnetz in der Stadt Lüneburg von der Avacon Netz GmbH betrieben wird, ""Lünestrom"" scheint nur eine Vertriebs-/Liefermarke zu sein, kein Netzbetreiber. Bitte vor Nutzung in der Datenbank direkt gegenprüfen (z.B. Marktstammdatenregister der Bundesnetzagentur oder Stadt Lüneburg)."
Stadtwerke Nienburg/Weser GmbH;GmbH;An der Breiten Riede 9;31582;Nienburg/Weser;NI;05021 9775-0;n/a;https://www.stadtwerke-nienburg.de;n/a;n/a;n/a;https://www.stadtwerke-nienburg.de/impressum;2026-09-18;
Wirtschaftsbetriebe der Stadt Norden GmbH -Stadtwerke Norden-;GmbH;n/a;n/a;Norden;NI;n/a;n/a;https://stadtwerke-norden.de;https://stadtwerke-norden.de/wp-content/uploads/downloadcenter/strom/Technische-Anschlussbedingungen-TAB-NS-Nord-2023-ab-01.01.2025.pdf;TAB NS Nord 2023, gültig ab 01.01.2025;n/a;WebSearch-Ergebnis (Suchtitel des PDF-Dokuments);2026-09-18;Adresse/Telefon konnten in der verfügbaren Zeit nicht verifiziert werden - bitte auf Website nachschlagen.
nvb Nordhorner Versorgungsbetriebe GmbH;GmbH;Gildkamp 10;48529;Nordhorn;NI;05921 3012-22;kundenservice@nvb.de;https://nvb-netz.de;n/a - vermutlich unter https://nvb-netz.de/veroffentlichungen/ zu finden, nicht direkt verifiziert;n/a;n/a;https://www.nvb.de/impressum/ | https://nvb-netz.de/unsere-netze/;2026-09-18;"Eigene Netz-Marke ""nvb-netz.de"" neben Vertriebsmarke ""nvb.de""."
SWN Stadtwerke Northeim GmbH;GmbH;Am Mühlenanger 1;37154;Northeim;NI;05551 6005-0;info@stadtwerke-northeim.de;https://www.stadtwerke-northeim.de;n/a - Beiblatt zur TAB 2023 v2.0 (gültig ab 01.01.2026) im Downloadcenter erwähnt, direkter PDF-Link nicht verifiziert;TAB 2023 v2.0, gültig ab 01.01.2026 (laut Downloadcenter-Liste);n/a;https://www.stadtwerke-northeim.de/service/downloadcenter;2026-09-18;
EWE NETZ GmbH;GmbH;Cloppenburger Str. 302;26133;Oldenburg;NI;0441 4808-0;info@ewe-netz.de;https://www.ewe-netz.de;https://www.ewe-netz.de/-/media/ewe-netz/downloads/2024_07_22_ewe_netz_tab-ns.pdf;22.07.2024;Einspeiser-Anmeldeportal (DEA) - https://dea.ewe-netz.de/;https://kip.ewe-netz.de/impressum | https://www.ewe-netz.de/einspeiser/service/downloads | https://www.ewe-netz.de/privatkunden/strom/ihr-hausanschluss/downloads;2026-09-18;Großer Flächen-VNB Nordwest-Niedersachsen (Oldenburg, Ostfriesland, Weser-Ems).
SWO Netz GmbH;GmbH;Alte Poststraße 9;49074;Osnabrück;NI;0541 2002 2105;info@swo-netz.de;https://www.swo-netz.de;https://www.enwg-veroeffentlichungen.de/swo/Netze/Stromnetz/Netzanschluss/Technische-Mindestanforderungen-SWO-NS-2023-202602.pdf;Technische Mindestanforderungen zur TAB NS Nord 2023 v2.0, Stand 02/2026;SWO Netzportal - https://netzportal.swo-netz.de/;https://www.swo-netz.de/impressum | https://www.swo-netz.de/service/netzanschlussbedingungen-netzportal;2026-09-18;Netzbetreiber für Osnabrück.
Harz Energie Netz GmbH;GmbH;Lasfelder Straße 10;37520;Osterode am Harz;NI;05522 503-0 (Kundenservice: 05522 503-8800);n/a - nur Kontaktformular gefunden;https://www.harzenergie-netz.de;https://www.harzenergie-netz.de/de/Ueber-uns/Veroeffentlichungen-EnWG-Veroeffentlichungen-/Stromnetz/Netzanschluss/BDEW-Bundesmusterwortlaut-TAB-Niederspannung-2026-TAB-NS.pdf;BDEW-Bundesmusterwortlaut TAB Niederspannung, gültig ab 01.09.2026 (vorherige TAB NS Nord 2023 galt bis 31.08.2026);n/a;https://www.harzenergie-netz.de/kontakt | https://www.harzenergie-netz.de/de/Ueber-uns/Veroeffentlichungen-EnWG-Veroeffentlichungen-/Stromnetz/Netzanschluss.html;2026-09-18;Versorgt/betreibt Infrastruktur in über 100 Kommunen im Harz-Raum.
Stadtwerke Peine GmbH;GmbH;n/a;n/a;Peine;NI;n/a;n/a;https://www.stadtwerke-peine.de;https://www.stadtwerke-peine.de/files/6265-3-0-c042/Beiblatt%20SWP%20TAB%20NS%20Nord%202023%20V2.0.pdf;Beiblatt TAB NS Nord 2023 V2.0;n/a;https://www.stadtwerke-peine.de/netz/stromnetz | https://www.enwg-veroeffentlichungen.de/peine/Netze/;2026-09-18;Adresse/Telefon nicht verifiziert - bitte auf stadtwerke-peine.de/service/impressum nachschlagen.
WEVG Salzgitter GmbH & Co. KG;GmbH & Co. KG;n/a;n/a;Salzgitter;NI;+49 5341 408-111;info@wevg.com;https://www.wevg.com;n/a;n/a;n/a;https://www.wevg.com/;2026-09-18;Auf der Website nicht ausdrücklich als Betreiber des Stromverteilnetzes (Niederspannung) bestätigt - unbedingt prüfen, ob WEVG tatsächlich VNB in Salzgitter ist oder das Netz z.B. über Avacon läuft.
Stadtwerke Stade GmbH;GmbH;Hansestraße 18;21682;Stade;NI;04141 404 0;energie@stadtwerke-stade.de;https://www.stadtwerke-stade.de;https://www.stadtwerke-stade.de/fileadmin/Assets/Downloads/Netzdaten/Netzdaten_Strom/Netzanschluss_Strom/Stadtwerke-Stade_Downloads_Netzanschluss-StromTechnische_Anschlussbedingungen_fuer_den_Anschluss_an_das_Niederspannungsnetz_der_Stadtwerke_Stade_GmbH_Stand_08-2019.PDF;Stand 08/2019 - möglicherweise inzwischen aktualisiert, bitte auf Aktualität prüfen;Online-Planauskunft - https://netz.stadtwerke-stade.de/;https://www.stadtwerke-stade.de/energie/hausanschluss | https://netz.stadtwerke-stade.de/unternehmen/download-center;2026-09-18;
Stadtwerke Uslar;n/a;n/a;n/a;Uslar;NI;n/a;n/a;https://stadtwerke-uslar.de;n/a;n/a;n/a;https://stadtwerke-uslar.de/impressum/;2026-09-18;Nur sehr knapp recherchiert (Zeitgründe) - Name/Website bestätigt, alle übrigen Felder nicht verifiziert. Vor Nutzung eigenständig nachrecherchieren.
Stadtwerke Verden GmbH;GmbH;Weserstraße 26;27283;Verden;NI;04231 915-0;info@stadtwerke-verden.de;https://www.stadtwerke-verden.de;n/a - Veröffentlichungspflichten-Seite vorhanden, direkter TAB-NS-PDF-Link nicht verifiziert;n/a;n/a;https://www.stadtwerke-verden.de/ueber-uns/impressum.html | https://www.stadtwerke-verden.de/privatkunden/netzzugang/stromnetz/veroeffentlichungspflichten.html;2026-09-18;
Stadtwerke Böhmetal GmbH (Walsrode);GmbH;Poststraße 4;29664;Walsrode;NI;+49 5161 6001-400;info@swbt.de;https://www.swbt.de;n/a;n/a;n/a;https://www.swbt.de/ | https://swbt-netz.de/Strom/Netzanschluss/;2026-09-18;"Ehemals ""Stadtwerke Walsrode"", jetzt umbenannt in ""Stadtwerke Böhmetal GmbH"", Netz-Unterseite unter swbt-netz.de."
GEW Wilhelmshaven GmbH;GmbH;Nahestraße 6;26382;Wilhelmshaven;NI;+49 4421 404-404;service@gew-wilhelmshaven.de;https://www.gew-wilhelmshaven.de;https://www.gew-wilhelmshaven.de/media/download/2024_12_17_gew_tab-ns-1.pdf;17.12.2024;n/a;https://www.gew-wilhelmshaven.de/unternehmen/ansprechpartner/ | https://www.gew-wilhelmshaven.de/netze/strom/;2026-09-18;
Stadtwerke Winsen (Luhe) GmbH;GmbH;n/a;n/a;Winsen (Luhe);NI;n/a;n/a;https://www.stw-winsen.de;https://stw-winsen.netzveroeffentlichung.com/fileadmin/Stadtwerke_Winsen/Stromnetz/Netzanschluss/Technische_Anforderungen/Allgemeines/SWWL_02b_TAB_Niederspannung_Beiblatt.pdf;Beiblatt zur TAB NS Nord 2019;Inbetriebnahmeportal - https://inbetriebnahmeportal.stw-winsen.de/;https://www.stw-winsen.de/de/Kopfnavigation/Netze1/EnWG/Stromnetz/;2026-09-18;Adresse/Telefon nicht verifiziert.
Stadtwerke Wolfenbüttel (Netzgesellschaft, genauer Firmenwortlaut nicht verifiziert);GmbH (vermutlich, nicht zweifelsfrei bestätigt);n/a;n/a;Wolfenbüttel;NI;n/a;n/a;https://www.stadtwerke-wf.de;https://www.stadtwerke-wf.de/_Resources/Persistent/6/0/8/6/608615b3115a77e9bdc9f4bc577fd45454ea6ef5/TAB_NS_Nord_2023_v2_20240515.pdf;TAB NS Nord 2023 v2.0, Stand 15.05.2024;n/a;https://www.stadtwerke-wf.de/netze/hausanschluss/tab.html;2026-09-18;Impressum-Abruf ist fehlgeschlagen (Freigabe-Timeout) - exakter Firmenname/Adresse/Telefon der Netzgesellschaft daher nicht verifiziert, bitte nachrecherchieren.
LSW Netz GmbH & Co. KG;GmbH & Co. KG;Heßlinger Straße 1-5;38440;Wolfsburg;NI;05361 189-0;info@lsw.de;https://www.lsw-netz.de;https://www.lsw-netz.de/fileadmin/user_upload/lsw-netz/strom/einspeisung/anschlussbedingungen/2024-06-21_Beiblatt_TAB_NS_Nord_2023_FGNAR_final.pdf;Beiblatt zur TAB NS Nord 2023, Stand 21.06.2024;n/a;https://www.lsw-netz.de/impressum/ | https://www.lsw-netz.de/strom/themenseite-strom/technische-anschlussbedingungen/;2026-09-18;Netzbetreiber für Wolfsburg.
Westfalen Weser Netz GmbH;GmbH;Tegelweg 25;33102;Paderborn;NI, NRW;+49 5251 202 0303;info@ww-energie.com;https://www.ww-netz.com;https://www.ww-netz.com/fileadmin/WWN/Wir/Unternehmen/Netzdaten/Strom/Netzanschluss/Technische_Anforderungen/Ergaenzende_Bestimmungen_zu_den_TAB_2023_v2.pdf;19.02.2026 (Ergänzende Bestimmungen, Basis BDEW-Bundesmusterwortlaut TAB 2023 v2.0);n/a - nicht verifiziert;https://numis.niedersachsen.de/trefferanzeige?docuuid=aade4673-143c-461e-8b3c-536fc7fbcd65 | https://www.ww-netz.com/wir/unternehmen/netzdaten/strom/netzinformation | https://www.ww-netz.com/impressum | WebSearch-Ergebnisse;2026-09-18;"[Zusammengeführt aus 2 Regions-Treffern] Laut niedersächsischem Geoportal (NUMIS) betreibt Westfalen Weser Netz GmbH auch ein Stromleitungsnetz in Niedersachsen (vermutlich Raum Hameln-Pyrmont/Holzminden im Grenzgebiet zu NRW/Hessen). Hauptsitz/Adresse laut separater NRW-Recherche: Tegelweg 25, 33102 Paderborn (NRW) - hier nur der Niedersachsen-Bezug relevant, bitte für Ort/Adresse den NRW-Datensatz oder eigene Recherche konsultieren. || Aktiv auch in Niedersachsen/Hessen, hier nur NRW-Teil (Ostwestfalen-Lippe/Kreis Paderborn/Höxter) relevant. Separate ""Haupt""-TAB-NS-PDF nicht eindeutig gefunden, nur Ergänzungen - auf ww-netz.com/fuer-partner/anschlussbedingungen direkt prüfen. Email evtl. allgemeine Konzernadresse, nicht netzspezifisch."
Westnetz GmbH;GmbH;Florianstraße 15-21;44139;Dortmund;NI, NRW, RP, SH;0800 9378689;Kontakt@westnetz.de;https://www.westnetz.de;https://www.westnetz.de/content/dam/revu-global/westnetz/documents/bauen/ihr-weg-zum-netzanschluss/niederspannung/tab-niederspannung-01092025.pdf;01.09.2025;SNAP Online-Portal (Netzanschluss) / Einspeiseportal - https://www.westnetz.de/de/einspeisen/snap-online-portal.html;https://www.gelbeseiten.de/gsbiz/4d5fe765-e66a-4306-9815-2d44eb27de4e | https://www.westnetz.de/de/impressum.html | https://www.westnetz.de/de/impressum.html | https://www.aboalarm.de/kuendigung-adresse/energieversorger/westnetz | westnetz.de TAB-Seiten | https://www.westnetz.de/de/impressum.html | westnetz.de TAB-Seiten | https://www.gigaohm.de/bundesland/schleswig-holstein;2026-09-18;[Bundesland-Hinweis: Relevanz/Umfang fuer SH nicht verifiziert] [Zusammengeführt aus 4 Regions-Treffern] Rechtssitz der Westnetz GmbH ist Florianstraße 15-21, 44139 Dortmund (NRW, E.ON/Westenergie-Konzern) - siehe ggf. separaten NRW-Datensatz. Die hier angegebene Adresse ist das Regionalzentrum Ems-Vechte in Bad Bentheim (Grafschaft Bentheim, Niedersachsen), zuständig u.a. für Teile von Emsland/Grafschaft Bentheim. || Mit Abstand größter VNB in NRW (E.ON/Westenergie-Konzern), deckt den Großteil der Fläche NRWs ab, außer den Gebieten mit eigenen Stadtwerke-Netzbetreibern. || RWE/Westenergie-Konzern, deckt in RLP Grenzgebiete zu NRW ab (u.a. Kreis Altenkirchen/Betzdorf, Eifel-Randgebiete). Bundesweit einheitliche TAB (gleicher Link wie im NRW-Datensatz). || laut gigaohm.de als VNB in SH gelistet, Westnetz ist jedoch primaer in NRW/RLP taetig (groesster VNB Deutschlands dort) - Praesenz/Umfang in SH NICHT verifiziert, moeglicherweise Datenfehler in Drittquelle oder sehr kleines Randgebiet. Vor Nutzung unbedingt pruefen
Avacon Netz GmbH;GmbH;Schillerstraße 3;38350;Helmstedt;NI, ST;05351 3999609;kundenservice@avacon.de;https://www.avacon-netz.de;https://www.avacon-netz.de/content/dam/revu-global/avacon-netz/documents/Energie_anschliessen/Stromnetz/TAB/Technischen_Anschlussbedingungen_NS_NORD.pdf;TAB NS Nord 2023 (Beiblatt der Avacon Netz GmbH dazu vom 07.05.2020 gefunden, Basis-Dokument-Datum nicht exakt verifiziert);n/a - bei VNBdigital gelistet (https://www.vnbdigital.de/vnb/7137), ob dies das offizielle Anmeldeportal ist wurde nicht verifiziert;https://www.avacon-netz.de/de/avacon-netz/presse-kontakt/adressen.html | https://www.online-handelsregister.de/handelsregisterauszug/ni/Braunschweig/HRB/203312/Avacon-Netz-GmbH | https://www.kuendigung.org/adresse/e-on-avacon/ | https://www.northdata.de/Avacon+Netz+GmbH , https://www.avacon-netz.de/de/avacon-netz/das-unternehmen-avacon-netz/impressum.html;2026-09-18;"[Zusammengeführt aus 2 Regions-Treffern] Größter Flächen-VNB in Niedersachsen (E.ON-Konzern), deckt große Teile der Fläche ab. Telefonnummer stammt aus Drittquelle (kuendigung.org) für ""Avacon"" allgemein, nicht zweifelsfrei als Netzanschluss-Hotline von Avacon Netz GmbH bestätigt - bitte auf avacon-netz.de/telefonnummer.html gegenprüfen. || Gesellschaftssitz laut Handelsregister (Amtsgericht Braunschweig HRB 203312) ist Helmstedt (Niedersachsen); Avacon Netz betreibt aber Teile des Niederspannungsnetzes im Norden Sachsen-Anhalts (u.a. Altmark). Website ist stark JavaScript-basiert - Impressum-Kontaktdaten, TAB-Niederspannung-PDF und Anmeldeportal-Link konnten vom Crawler trotz mehrerer Versuche nicht extrahiert werden, nicht geraten; manuell auf avacon-netz.de pruefen. Fuer Salzwedel/Altmarkkreis Salzwedel konnte keine eigene kommunale Netzgesellschaft bestaetigt werden - Niederspannungsnetz vermutlich bei Avacon Netz, nicht verifizierbar."
Regionetz GmbH;GmbH;Lombardenstraße 12-22;52070;Aachen;NRW;0241 41368-2930;n/a - auf Website verschlüsselt dargestellt;https://www.regionetz.de;https://www.regionetz.de/de/Privatkunden/Stromanschluss/Netzanschluss-Strom/Netzanschluss-Strom/TAB-NS-2024.pdf;2024;n/a;https://www.regionetz.de/impressum | WebSearch;2026-09-18;"Regionetz ist der tatsächliche Netzbetreiber für die Region Aachen (u.a. STAWAG-Gebiet), STAWAG selbst hat keine eigene ""Netz GmbH""."
Stadtwerke Ahlen;GmbH (vermutlich, nicht explizit bestätigt);Industriestr. 40;59229;Ahlen;NRW;02382-788-0;info@stadtwerke-ahlen.de;https://www.stadtwerke-ahlen.de;n/a;n/a;n/a;https://www.stadtwerke-ahlen.de/;2026-09-18;Rechtsform nicht explizit auf Startseite bestätigt.
Bigge Energie GmbH & Co. KG;GmbH & Co. KG;In der Stesse 14;57439;Attendorn;NRW;+49 2761 896-2222;info@bigge-energie.de;https://www.bigge-energie.de;n/a;n/a;n/a;https://www.bigge-energie.de/impressum;2026-09-18;Netzbetreiber für Attendorn, Olpe, Drolshagen, Wenden, Finnentrop, Lennestadt, Bergneustadt (Südsauerland).
Stadtwerke Bad Salzuflen GmbH;GmbH;Uferstraße 36-44;32108;Bad Salzuflen;NRW;05222 808-0;info@stwbs.de;https://www.stwbs.de;n/a;n/a;n/a;https://www.stwbs.de/footernav/impressum;2026-09-18;-
BELKAW GmbH;GmbH;Hermann-Löns-Straße 131;51469;Bergisch Gladbach;NRW;02202 2855800;kundenservice@belkaw.de;https://www.belkaw.de;n/a;n/a;n/a;https://www.belkaw.de/impressum;2026-09-18;Netzbetreiber für Bergisch Gladbach, Burscheid, Kürten, Leichlingen, Lindlar, Odenthal.
Bielefelder Netz GmbH (Stadtwerke Bielefeld Netz GmbH);GmbH;Schildescher Straße 16;33611;Bielefeld;NRW;(0521) 51 42 65;info@bielefelder-netz.de;https://www.bielefelder-netz.de;https://www.bielefelder-netz.de/fileadmin/user_upload/TAB_2023_v2_0.pdf;Mai 2024 (laut Abruf, bitte verifizieren);n/a;https://www.bielefelder-netz.de/impressum | /formulare-dokumente;2026-09-18;"Firmierung evtl. Rebranding von ""Stadtwerke Bielefeld Netz GmbH"" zu ""Bielefelder Netz GmbH"" - beide Namen im Umlauf, bei Eintrag ggf. beide vermerken."
stadtwerker Unternehmensgruppe GmbH (vormals Bocholter Energie- und Wasserversorgung GmbH);GmbH;Kaiser-Wilhelm-Straße 1;46395;Bocholt;NRW;02871 954-0;info@stadtwerker.de;https://www.stadtwerker.de;n/a;n/a;n/a;https://www.stadtwerke-bocholt.de/impressum;2026-09-18;"Firma firmiert jetzt als ""stadtwerker Unternehmensgruppe GmbH"" statt ""Bocholter Energie- und Wasserversorgung GmbH""."
Stadtwerke Bochum Netz GmbH (StwBo Netz);GmbH;Ostring 28;44787;Bochum;NRW;0234 960-0;kontakt@stwbo-netz.de;https://www.stwbo-netz.de;https://www.stwbo-netz.de/fileadmin/Dateien_Netz/Dokumente/TAB_Strom/Niederspannung/TAB_Niederspannung_Bundesmusterwortlaut_ab_01-07-2025.pdf;ab 01.07.2025;VNBdigital (vnbdigital.de/vnb/7509) laut Suchtreffer;https://www.stwbo-netz.de/impressum;2026-09-18;-
Bonn-Netz GmbH;GmbH;Karlstraße 2-6;53115;Bonn;NRW;0800 0006431;Netzanschluss@bonn-netz.de;https://www.bonn-netz.de;https://www.bonn-netz.de/fileadmin/dokumente/Anschliessen/TAB-Niederspannung-Bonn-Netz-GmbH-01082019-V2.1.pdf;01.08.2019 (V2.1);n/a;https://www.bonn-netz.de/anschliessen/netzanschluss | WebSearch;2026-09-18;TAB-Datum wirkt älter (2019) als bei vergleichbaren VNB - evtl. neuere Version verfügbar, bitte vor Nutzung prüfen. Teil der Stadtwerke-Bonn-Gruppe (SWB).
Stadtwerke Borken/Westf. GmbH;GmbH;Ostlandstraße 9;46325;Borken;NRW;+49 2863 9567-0;info@stadtwerke-borken.de;https://www.stadtwerke-borken.de;n/a;n/a;n/a;https://www.stadtwerke-borken.de/impressum;2026-09-18;-
Stadtwerke Brühl GmbH;GmbH;Engeldorfer Straße 2;50321;Brühl;NRW;02232 702-0;info@stadtwerke-bruehl.de;https://www.stadtwerke-bruehl.de;n/a;n/a;n/a;https://www.stadtwerke-bruehl.de/impressum;2026-09-18;-
Stadtwerke Coesfeld GmbH;GmbH;Dülmener Straße 80;48653;Coesfeld;NRW;02863 9567-0;info@stadtwerke-coesfeld.de;https://www.stadtwerke-coesfeld.de;n/a;n/a;n/a;https://www.stadtwerke-coesfeld.de/impressum;2026-09-18;-
Stadtwerke Detmold GmbH;GmbH;Am Gelskamp 10;32758;Detmold;NRW;05231 607-0;n/a - auf Website verschlüsselt dargestellt;https://www.stadtwerke-detmold.de;n/a;n/a;n/a;https://www.stadtwerke-detmold.de/impressum;2026-09-18;-
Stadtwerke Dinslaken GmbH;GmbH;Gerhard-Malina-Straße 1;46537;Dinslaken;NRW;02064 605-0;kontakt@stadtwerke-dinslaken.de;https://www.stadtwerke-dinslaken.de;n/a;n/a;n/a;https://www.stadtwerke-dinslaken.de/impressum;2026-09-18;-
Dortmunder Netz GmbH (DONETZ);GmbH;Günter-Samtlebe-Platz 1;44135;Dortmund;NRW;0800-54497-77;info@do-netz.de;https://do-netz.de;https://do-netz.de/fileadmin/user_upload/Dokumente/PDF/Technische_Vorschriften/TAB_Niederspannung_DONETZ_2025-01-01_Final.pdf;01.01.2025;n/a - nicht verifiziert;https://do-netz.de/impressum | do-netz.de TAB-PDF;2026-09-18;Tochterunternehmen von DEW21 (Dortmunder Energie- und Wasserversorgung).
Netze Duisburg GmbH;GmbH;Bungertstr. 27;47053;Duisburg;NRW;0203 604-0;info@netze-duisburg.de;https://www.netze-duisburg.de;https://www.netze-duisburg.de/fileadmin/user_upload/Anschliessen/Neuanschluesse/Netze_Duisburg_GmbH_-_TAB_Niederspannung.pdf;n/a - Datum nicht im Dateinamen erkennbar;n/a;https://www.netze-duisburg.de/impressum | /ueber-uns/veroeffentlichungen-strom;2026-09-18;"Offizieller Firmenname ist ""Netze Duisburg GmbH"", NICHT ""Stadtwerke Duisburg Netzservice"" (abweichend vom Rechercheauftrag)."
Stadtwerke Dülmen GmbH;GmbH;Alter Ostdamm 21;48249;Dülmen;NRW;02594 7900-0;info@stadtwerke-duelmen-gmbh.de;https://www.stadtwerke-duelmen.de;n/a;n/a;n/a;https://www.stadtwerke-duelmen.de/impressum;2026-09-18;-
Stadtwerke Düren GmbH;GmbH;Zehnthofstraße 6;52349;Düren;NRW;02421 126-233;service@stadtwerke-dueren.de;https://www.stadtwerke-dueren.de;n/a - nicht gefunden;n/a;n/a;https://www.stadtwerke-dueren.de/;2026-09-18;TAB-NS-Link nicht auf Startseite gefunden, nicht weiter vertieft (WebSearch-Kontingent erschöpft).
Netzgesellschaft Düsseldorf mbH;mbH (GmbH);Höherweg 200;40233;Düsseldorf;NRW;(0211) 821 6389;info@netz-duesseldorf.de;https://www.netz-duesseldorf.de;https://a.storyblok.com/f/274773/x/27f5899400/tab_bundesmusterwortlaut_bdew_2023_v2-0.pdf;01.01.2025 (laut Fetch der TAB-Seite);n/a;https://www.netz-duesseldorf.de/impressum | https://www.netz-duesseldorf.de/netzanschluss/technische-anschlussbedingungen;2026-09-18;"Zwei unterschiedliche TAB-PDF-Links in Recherche gefunden (einmal ""Stand 06-2023"", einmal aktuellere Fassung ""01.01.2025"") - vor Verwendung im Zweifel direkt auf der Seite verifizieren. Teil der Stadtwerke-Düsseldorf-Gruppe."
Stadtwerke Emmerich GmbH;GmbH;Wassenbergstr. 1;46446;Emmerich am Rhein;NRW;+49 2822 604-0;n/a - auf Website verschlüsselt dargestellt;https://www.stadtwerke-emmerich.de;n/a;n/a;n/a;https://www.stadtwerke-emmerich.de/impressum;2026-09-18;-
Stadtwerke Erkrath GmbH;GmbH;Gruitener Straße 27;40699;Erkrath;NRW;02104 943 60 70;service@stadtwerke-erkrath.de;https://www.stadtwerke-erkrath.de;n/a;n/a;n/a;https://www.stadtwerke-erkrath.de/impressum;2026-09-18;-
e-regio GmbH & Co. KG;GmbH & Co. KG;Rheinbacher Weg 10;53881;Euskirchen;NRW;02251 708-0;info@e-regio.de;https://www.e-regio.de;https://cms.e-regio.de/assets/global/Dokumente/e-regio-netz.de/202512_tab_ns.pdf;Gültig ab 01.01.2026;n/a;https://www.e-regio.de/impressum | WebSearch;2026-09-18;Netzbetreiber für Euskirchen, Blankenheim, Dahlem, Heimbach, Hellenthal, Kall, Mechernich, Nettersheim, Schleiden u.a. (Kreis Euskirchen).
NEW Netz GmbH;GmbH;Nikolaus-Becker-Str. 28-34 (Postanschrift teils: 41220 Mönchengladbach);52511;Geilenkirchen;NRW;02451 6194730;kundenservice@new-netz.de;https://www.new-netz.de;https://assets.ctfassets.net/dldfg6ph79ob/3ZKviNAoXY28EUWsFRtNTC/d2847a0bb1d566ee1c959f20eda0675f/WEB_NEW_Technische_Anschlussbedingungen_NDAV.pdf;n/a - Datum nicht im Dateinamen erkennbar;n/a;https://www.new-netz.de/impressum | WebSearch;2026-09-18;Zwei Adressangaben gefunden (Geilenkirchen operative Adresse laut Impressum-Fetch, 41220 Mönchengladbach als Postanschrift) - Firmensitz vor Nutzung verifizieren. Deckt großes Gebiet ab: Mönchengladbach, Viersen, Erkelenz, Wegberg, Hückelhoven u.v.m.
Stadtwerke Geldern GmbH;GmbH;Markt 25;47608;Geldern;NRW;02831 93330;info@swgeldern.de;https://www.stadtwerke-geldern.de;n/a;n/a;n/a;https://www.stadtwerke-geldern.de/impressum;2026-09-18;Netzbetrieb über separate Website https://www.swgeldern-netz.de/ - dort TAB-NS vermutlich zu finden, nicht vertieft recherchiert.
Emscher Lippe Energie GmbH (ELE) / ELE Verteilnetz GmbH;GmbH;Ebertstraße 30;45879;Gelsenkirchen;NRW;0209 165-10;n/a - auf Website verschlüsselt dargestellt;https://www.ele.de (Netz: https://www.evng.de);https://www.evng.de/content/dam/revu-global/evng/documents/energie_beziehen/strom/ns_tab_strom.pdf;Gültig ab 01.01.2026;n/a;https://www.ele.de/de/sonstiges/impressum.html | WebSearch (evng.de);2026-09-18;"Zwei Firmierungen/Domains gefunden: ""Emscher Lippe Energie GmbH"" (ele.de, Vertrieb) und ""ELE Verteilnetz GmbH"" (evng.de, tatsächlicher Netzbetreiber) - Adresse hier ist die der Muttergesellschaft, ggf. abweichend von der eigentlichen Netzgesellschaft. Deckt Gelsenkirchen, Bottrop, Gladbeck ab."
AVU Aktiengesellschaft für Versorgungs-Unternehmen;AG;An der Drehbank 18;58285;Gevelsberg;NRW;+49 2332 73-123;info@avu.de;https://www.avu.de;n/a;n/a;n/a;https://www.avu.de/impressum;2026-09-18;Netzbetreiber für Gevelsberg, Ennepetal, Schwelm, Sprockhövel, Hattingen, Wetter, Breckerfeld (Ennepe-Ruhr-Kreis).
Stadtwerke Greven GmbH;GmbH;Saerbecker Straße 77-81;48268;Greven;NRW;+49 2571 509255;n/a - nicht gefunden;https://www.stadtwerke-greven.de;n/a;n/a;n/a;https://www.stadtwerke-greven.de/;2026-09-18;Stadt Greven hält 75,5%, Thüga AG 24,5%.
Stadtwerke Gronau GmbH;GmbH;Laubstiege 19;48599;Gronau;NRW;02562/717-0;info@stadtwerke-gronau.de;https://www.stadtwerke-gronau.de;n/a;n/a;n/a;https://www.stadtwerke-gronau.de/impressum;2026-09-18;-
AggerEnergie GmbH;GmbH;Alexander-Fleming-Str. 2;51643;Gummersbach;NRW;02261 3003-0;info@aggerenergie.de;https://www.aggerenergie.de;n/a;n/a;n/a;https://www.aggerenergie.de/impressum;2026-09-18;Netzbetreiber für Gummersbach, Engelskirchen, Overath, Wiehl u.a. (Oberbergisches Land).
Stadtwerke Haltern am See GmbH;GmbH;Recklinghäuser Straße 49a;45721;Haltern am See;NRW;02364 92 400;info@stadtwerke-haltern.de;https://www.stadtwerke-haltern.de;n/a;n/a;n/a;https://www.stadtwerke-haltern.de/impressum;2026-09-18;-
Energie- und Wasserversorgung Hamm GmbH;GmbH;Südring 1;59065;Hamm;NRW;0 23 81 / 2 74 - 0;post@ewv-hamm-netz.de;https://www.ewv-hamm-netz.de;n/a - nicht auffindbar;n/a;n/a;https://www.ewv-hamm-netz.de/impressum;2026-09-18;Netzbetreiber-Website läuft unter separater Domain ewv-hamm-netz.de statt stadtwerke-hamm.de.
Stadtwerke Herne AG;AG;Grenzweg 18;44623;Herne;NRW;02323/592-0;beratung@stadtwerke-herne.de;https://www.stadtwerke-herne.de;n/a - nur Fernwärme-TAB gefunden, Strom-TAB-NS-Link nicht auffindbar;n/a;n/a;https://www.stadtwerke-herne.de/impressum;2026-09-18;Betreibt Stromnetz direkt (keine separate Netz-GmbH gefunden).
Hertener Stadtwerke GmbH;GmbH;Herner Straße 21;45699;Herten;NRW;+49 2366 307-0;stadtwerke@herten.de;https://www.hertener-stadtwerke.de;n/a;n/a;n/a;https://www.hertener-stadtwerke.de/impressum;2026-09-18;-
enwor Netz GmbH;GmbH;Kaiserstraße 100;52134;Herzogenrath;NRW;n/a - nicht auffindbar;n/a - auf Website verschlüsselt dargestellt;https://www.enwor-netz.de;https://www.enwor.de/de/Kopfnavigation/Netze/Anschlussnehmer/Netzanschluss1/Stromnetz/Ergaenzugen-TAB-2019-enwor.pdf;10/2020 (Ergänzende Bestimmungen zu TAB 2019);n/a;https://www.enwor-netz.de/de/Fussnavigation/Impressum/ | WebSearch;2026-09-18;Betriebsführung durch STAWAG/Regionetz (Aachen). Telefon/Email nicht auffindbar, sollte direkt auf Website geprüft werden. Deckt Herzogenrath, Würselen, Alsdorf ab.
Stadtwerke Hilden GmbH;GmbH;Am Feuerwehrhaus 1;40724;Hilden;NRW;02103 795-0;n/a - auf Website per JavaScript verschlüsselt;https://www.stadtwerke-hilden.de;n/a;n/a;n/a;https://www.stadtwerke-hilden.de/impressum;2026-09-18;-
Stadtwerke Jülich GmbH;GmbH;An der Vogelstange 2a;52428;Jülich;NRW;02461 625-0;info@stadtwerke-juelich.de;https://www.stadtwerke-juelich.de;n/a;n/a;n/a;https://www.stadtwerke-juelich.de/impressum;2026-09-18;-
GSW Gemeinschaftsstadtwerke GmbH Kamen, Bönen, Bergkamen;GmbH;Poststraße 4;59174;Kamen;NRW;02307 978-2222;service@gsw-kamen.de;https://www.gsw-kamen.de;n/a;n/a;n/a;https://www.gsw-kamen.de/impressum;2026-09-18;Gemeinsamer Netzbetreiber für die Städte Kamen, Bönen und Bergkamen.
NGN Netzgesellschaft Niederrhein mbH;mbH (GmbH);St. Töniser Str. 126;47804;Krefeld;NRW;+49 2151 98 3000;info@ngn-mbh.de;https://www.ngn-mbh.de;https://cdn.swk.de/assets/download/Erg%C3%A4nzungen%20zum%20BDEW-Bundesmusterwortlaut%20TAB%202023%20v2.0.pdf;Version 1.1 - 02/2025;n/a;https://www.ngn-mbh.de/de/impressum | cdn.swk.de;2026-09-18;"Im Volksmund oft ""SWK Netzservice"" genannt, offizieller Firmenname ist ""NGN Netzgesellschaft Niederrhein mbH"" (SWK-Gruppe)."
RheinNetz GmbH (vormals Rheinische NETZGesellschaft mbH, RNG);GmbH;Parkgürtel 24;50823;Köln;NRW;0221 4746-0;info@rng.de;https://www.rheinnetz.de;https://www.rheinnetz.de/tab-niederspannung-rng.pdfx?forced=true;n/a - Datum auf PDF-Seite nicht erkennbar;n/a;https://www.rheinnetz.de/impressum | https://www.rheinnetz.de/bedingungen-und-verordnungen;2026-09-18;"Netzbetreiber für Köln u.a. (RheinEnergie-Konzern). Name kürzlich von ""Rheinische NETZGesellschaft mbH"" zu ""RheinNetz GmbH"" geändert - evtl. übergangsweise beide Namen in Gebrauch. Hinweis: TAB-Dokument wird auch von ENNI (Moers) referenziert, RNG betreibt ggf. Netze für weitere Kommunen im Rheinland unter Vertrag."
Stadtwerke Lemgo GmbH;GmbH;Bruchweg 24;32657;Lemgo;NRW;05261 255-0;info@stadtwerke-lemgo.de;https://www.stadtwerke-lemgo.de;n/a;n/a;n/a;https://www.stadtwerke-lemgo.de/impressum;2026-09-18;-
wupsi GmbH;GmbH;Borsigstraße 18;51381;Leverkusen;NRW;02171 5007-0;n/a - auf Website verschlüsselt dargestellt;https://www.wupsi.de;n/a;n/a;n/a;https://www.wupsi.de/impressum;2026-09-18;"Netzbetreiber für Leverkusen (vormals ""Energieversorgung Leverkusen GmbH & Co. KG"")."
Stadtwerke Lohmar GmbH & Co. KG;GmbH & Co. KG;Breiter Weg 1a;53797;Lohmar;NRW;02246 9039000;info@stadtwerke-lohmar.de;https://www.stadtwerke-lohmar.de;n/a;n/a;n/a;https://www.stadtwerke-lohmar.de/impressum;2026-09-18;-
Stadtwerke Meerbusch GmbH;GmbH;Kaarster Straße 135;40670;Meerbusch;NRW;02159 9137-333;kundenservice@stm-stw.de;https://www.stadtwerke-meerbusch.de;n/a;n/a;n/a;https://www.stadtwerke-meerbusch.de/impressum;2026-09-18;-
HochsauerlandEnergie GmbH;GmbH;Auf'm Brinke 11;59872;Meschede;NRW;02904 71280-28;info@hochsauerlandenergie.de;https://www.hochsauerlandenergie.de;n/a;n/a;n/a;https://www.hochsauerlandenergie.de/impressum;2026-09-18;Netzbetreiber u.a. für Bestwig.
ENNI Energie & Umwelt Niederrhein GmbH;GmbH;Am Jostenhof 15;47441;Moers;NRW;02841 104-0;info@enni.de;https://www.enni.de;https://www.enni.de/fileadmin/documents/3_DieENNI/2_Netz/1_Netzanschluss/tab-niederspannung-rng.pdf;n/a;n/a;https://www.enni.de/impressum/;2026-09-18;"TAB-Dateiname verweist auf ""RNG"" (RheinNetz Köln) - möglicherweise betreibt RheinNetz das Netz operativ für ENNI im Auftrag, oder ENNI übernimmt nur deren TAB-Vorlage. Formaler VNB-Status vor Nutzung verifizieren. Deckt Moers, Neukirchen-Vluyn ab."
medl GmbH;GmbH;Burgstraße 1;45476;Mülheim an der Ruhr;NRW;0208 4501 0;service@medl.de;https://www.medl.de;n/a - trotz Suche nicht gefunden;n/a;n/a;https://www.medl.de/impressum/;2026-09-18;TAB-NS-Link nicht auffindbar, vermutlich im Downloadbereich medl.de/service/downloads - vor Nutzung direkt prüfen. medl ist Netzbetreiber für Mülheim an der Ruhr (Strom, Gas, Fernwärme, Wasser).
Stadtnetze Münster GmbH;GmbH;Hafenplatz 1;48155;Münster;NRW;0251.694.4000;info@stadtnetze-muenster.de;https://www.stadtnetze-muenster.de;https://www.stadtnetze-muenster.de/Stadtnetze/Dokumente/Strom/Unsere%20Netze%20Strom/Erg%C3%A4nzende%20TAB-Niederspannung%20Stadtnetze%20M%C3%BCnster%20GmbH%2002.2026.pdf;02.2026 (Ergänzende TAB, Basis BDEW-Bundesmusterwortlaut);n/a;https://www.stadtnetze-muenster.de/impressum | /downloadcenter;2026-09-18;-
Stadtwerke Neuss Energie und Wasser GmbH;GmbH;n/a - nicht ermittelt;n/a;Neuss;NRW;n/a - nicht ermittelt;n/a - nicht ermittelt;https://www.stadtwerke-neuss.de;n/a;n/a;n/a;https://www.stadtwerke-neuss.de/netz;2026-09-18;Kein Hinweis auf separate Netz-GmbH gefunden, Netzbetrieb vermutlich direkt durch Stadtwerke Neuss. Adresse/Kontakt/TAB nicht verifizierbar (Impressum-Abruf schlug fehl, WebSearch-Kontingent erschöpft).
Oberhausener Netzgesellschaft mbH (OB-Netz);mbH (GmbH);Danziger Straße 31;46045;Oberhausen;NRW;(0208) 835 3000;n/a - auf Website verschlüsselt dargestellt;https://www.ob-netz.de;https://www.ob-netz.de/fileadmin/user_upload/OB-Netzgesellschaft/Strom/Anschlussbedingungen/TAB_Niederspannung_Oberhausener_Netzgesellschaft_mbH.pdf;n/a;n/a;https://www.ob-netz.de/impressum;2026-09-18;Tochter der Energieversorgung Oberhausen AG (evo).
Stadtwerke Ochtrup;Eigenbetrieb der Stadt Ochtrup;Witthagen 3;48607;Ochtrup;NRW;02553 71-100;info@stadtwerke-ochtrup.de;https://www.stadtwerke-ochtrup.de;n/a;n/a;n/a;https://www.stadtwerke-ochtrup.de/impressum;2026-09-18;Einziger gefundener Eigenbetrieb (keine eigenständige GmbH) in dieser Liste.
Stadtwerke Ratingen GmbH;GmbH;Sandstraße 36;40878;Ratingen;NRW;02102 485-0;kommunikation@stadtwerke-ratingen.de;https://www.stadtwerke-ratingen.de;n/a;n/a;n/a;https://www.stadtwerke-ratingen.de/impressum;2026-09-18;Netzbetrieb läuft über separate Subdomain https://netze.stadtwerke-ratingen.de/ - dort TAB-NS vermutlich zu finden, nicht vertieft recherchiert.
Recklinghausen Netzgesellschaft mbH & Co.KG;GmbH & Co. KG;n/a - nicht ermittelt;n/a;Recklinghausen;NRW;n/a - nicht ermittelt;n/a - nicht ermittelt;https://www.stadtwerke-re-holding.de;n/a;n/a;n/a;https://www.stadtwerke-re-holding.de/recklinghausen_netzgesellschaft;2026-09-18;Adresse/Telefon/Email nicht ermittelbar (WebSearch-Kontingent erschöpft, Fetch lieferte keine Kontaktdaten) - nur Existenz und Website bestätigt. Unter Dach der Stadtwerke Recklinghausen Holding GmbH.
Stadtwerke Rees GmbH;GmbH;Melatenweg 171;46459;Rees;NRW;02851/9140-0;info@swrees.de;https://www.stadtwerke-rees.de;n/a;n/a;n/a;https://www.stadtwerke-rees.de/impressum;2026-09-18;-
EWR GmbH (Energie und Wasser für Remscheid);GmbH;Neuenkamper Straße 81-87;42855;Remscheid;NRW;0800 0 164 164;info@ewr-gmbh.de;https://www.ewr-remscheid.de;n/a;n/a;n/a;https://www.ewr-remscheid.de/impressum/;2026-09-18;-
Stadtwerke Rheine GmbH;GmbH;Hafenbahn 10;48431;Rheine;NRW;05971 45-0;n/a - auf Website verschlüsselt dargestellt;https://www.stadtwerke-rheine.de;n/a;n/a;n/a;https://www.stadtwerke-rheine.de/impressum;2026-09-18;-
Stadtwerke Siegburg GmbH & Co. KG;GmbH & Co. KG;Bachstraße 3;53721;Siegburg;NRW;0800 6484848;info@stadtwerke-siegburg.de;https://www.stadtwerke-siegburg.de;n/a;n/a;n/a;https://www.stadtwerke-siegburg.de/impressum;2026-09-18;-
Stadtwerke Solingen GmbH;GmbH;Beethovenstraße 210;42655;Solingen;NRW;0212 295-0;info@stadtwerke-solingen.de;https://www.stadtwerke-solingen.de;n/a;n/a;n/a;https://www.stadtwerke-solingen.de/impressum;2026-09-18;-
EWV Energie- und Wasser-Versorgung GmbH;GmbH;Willy-Brandt-Platz 2;52222;Stolberg;NRW;0800 3981000;service@ewv.de;https://www.ewv.de;n/a;n/a;n/a;https://www.ewv.de/impressum;2026-09-18;Netzbetreiber für Stolberg, Alsdorf, Eschweiler, Linnich, Titz u.a. (Region Aachen).
Stadtwerke Troisdorf GmbH;GmbH;Poststr. 105;53840;Troisdorf;NRW;02241 888 0;infocenter@stadtwerke-troisdorf.de;https://www.stadtwerke-troisdorf.de;n/a;n/a;Netzanschlussportal vorhanden (Name nicht verifiziert);https://www.stadtwerke-troisdorf.de/impressum;2026-09-18;-
Stadtwerke Velbert GmbH;GmbH;Kettwiger Str. 2;42549;Velbert;NRW;02051/988-0;info@stwvelbert.de;https://www.stadtwerke-velbert.de;n/a;n/a;n/a;https://www.stadtwerke-velbert.de/impressum;2026-09-18;-
Stadtwerke Warendorf GmbH;GmbH;Katzheide 21-25;48231;Warendorf;NRW;+49 2581 63603-400;kundenservice@swwaf.de;https://www.stadtwerke-warendorf.de;n/a;n/a;n/a;https://www.stadtwerke-warendorf.de/impressum;2026-09-18;Firmengruppe aus Stadtwerke Warendorf GmbH und Stadtwerke Warendorf Holding GmbH.
Stadtwerke Werl GmbH;GmbH (vermutlich, nicht explizit bestätigt);Grafenstraße 25;59457;Werl;NRW;0 29 22 / 985-0;info@stadtwerke-werl.de;https://www.stadtwerke-werl.de;n/a;n/a;n/a;https://www.stadtwerke-werl.de/;2026-09-18;Rechtsform nicht explizit verifiziert.
Stadtwerke Willich GmbH;GmbH;Gießerallee 24;47877;Willich;NRW;02154 4702-333;kundenservice@stm-stw.de;https://www.stadtwerke-willich.de;n/a;n/a;n/a;https://www.stadtwerke-willich.de/impressum;2026-09-18;Gemeinsamer Kundenservice mit Stadtwerke Meerbusch (stm-stw.de).
WSW Netz GmbH;GmbH;Schützenstr. 34;42281;Wuppertal;NRW;0202 7589-7300;Netzmanagement@wsw-netz.de;https://www.wsw-netz.de;n/a - aktuelle Version nicht eindeutig identifiziert;n/a;n/a;https://www.wsw-netz.de/impressum/;2026-09-18;Nur ältere TAB-Version (Stand 2011, Basis TAB 2007) auffindbar, aktuelle TAB-NS-PDF nicht sicher identifiziert - auf wsw-netz.de/netzanschluss/strom direkt prüfen.
EWR Netz GmbH;GmbH;Gartenstraße 22;55232;Alzey;RP;06241 848-300;info@ewr-netz.de;https://www.ewr-netz.de;https://www.ewr-netz.de/fileadmin/data/downloads/Partner/Installateure/Formulare_und_Richtlinien/EWR_TAB_2023_v2_Erg%C3%A4nzungen_EWR_Netz_GmbH.pdf;2023 v2 (Ergänzungen zum BDEW-Bundesmusterwortlaut);n/a;https://www.ewr-netz.de/impressum/ | https://www.worms.de/neu-de/buergerservice/gesellschaft.php?id=59fad927c22e71.18220970;2026-09-18;Netzbetreiber für Worms und weite Teile Rheinhessens (EWR-Konzern), Verwaltungssitz laut Impressum in Alzey, zusätzliches Technikzentrum in Worms (Sommerdamm 134).
Stadtwerke Andernach Energie GmbH;GmbH;Läufstraße 4;56626;Andernach;RP;+49 2632 298-121 (kostenfrei 0800 0 298 121);kundenservice@stadtwerke-andernach.de;https://www.stadtwerke-andernach-energie.de;https://www.stadtwerke-andernach-energie.de/app/uploads/2025/07/2025-08-01_TAB-Niederspannung-SWA-E.pdf;01.08.2025;n/a;https://www.stadtwerke-andernach-energie.de/strom/netzbetrieb/kontakt/;2026-09-18;-
Stadtwerke Bad Bergzabern GmbH;GmbH;Landauer Straße 23;76887;Bad Bergzabern;RP;06343 9339-0;info@stadtwerke-bza.de;https://www.stadtwerke-bza.de;https://www.stadtwerke-bza.de/pdf/netze/tab2023v.pdf;2023;n/a;https://www.stadtwerke-bza.de/netze/strom;2026-09-18;-
Stadtwerke GmbH Bad Kreuznach;GmbH;Wilhelmstraße 5 (Stadtwerke Forum);55543;Bad Kreuznach;RP;0671 99-1917;info@stadtwerke-kh.de;https://www.kreuznacherstadtwerke.de;https://www.kreuznacherstadtwerke.de/fileadmin/user_upload/_Energie-fuer-Ihr-Zuhause/Netz/TAB_Strom_NSP_01.03.2026_barrierefreipdf.pdf;01.03.2026;n/a;https://www.kreuznacherstadtwerke.de/energie-fuer-ihr-zuhause/netz;2026-09-18;"Marke ""Kreuznacher Stadtwerke"", offizieller Registername ""Stadtwerke GmbH Bad Kreuznach""."
Ahrtal-Werke GmbH;GmbH;Dahlienweg 25;53474;Bad Neuenahr-Ahrweiler;RP;02641 9050-0;info@ahrtal-werke.de;https://ahrtal-werke.de;n/a;n/a;n/a;https://ahrtal-werke.de/ | https://www.enahrgie.de/partner/stadt-bad-neuenahr-ahrweiler-und-ahrtal-werke-gmbh/;2026-09-18;Übernahm 2015 das Stromnetz für Bad Neuenahr-Ahrweiler von RWE. TAB-PDF nicht auf Startseite auffindbar, vor Nutzung auf ahrtal-werke.de/netze direkt prüfen.
Stadtwerke Bitburg;Eigenbetrieb (kommunal);Denkmalstraße 6;54634;Bitburg;RP;+49 6561 9508-0;n/a;https://www.stadtwerke-bitburg.de;n/a;n/a;n/a;https://www.stadtwerke-bitburg.de/ | https://www.bitburg.de/buergerservice-views/abteilungen/RLP:department:358948/eigenbetrieb-stadtwerke/;2026-09-18;Rechtsform Eigenbetrieb der Stadt Bitburg (kein eigenständiges Unternehmen im Handelsregister). TAB-PDF in Recherche nicht auffindbar, Email auf Website per JavaScript verschlüsselt.
Stadtwerke Frankenthal GmbH;GmbH;Wormser Straße 111;67227;Frankenthal;RP;+49 6233 602-0;info@stw-frankenthal.de;https://www.stw-frankenthal.de;"n/a - Dateiname ""TAB 2026.pdf"" referenziert, genauer Link nicht extrahiert";2026;n/a;https://www.stw-frankenthal.de/netze/stromnetz/netzanschluss.html;2026-09-18;-
OIE AG (Oberstein-Idarer Elektrizitäts-AG);AG;Hauptstraße 189;55743;Idar-Oberstein;RP;n/a;n/a;https://www.oie-ag.de;n/a;n/a;n/a;https://firmania.de/idar-oberstein/oie-ag-3387236 | https://de.wikipedia.org/wiki/Oberstein-Idarer-Elektrizit%C3%A4t | https://www.idar-oberstein.de/:translation/en/idar-oberstein/strukturierte-daten/behoerden/oie-ag-strom-und-gas/;2026-09-18;UNSICHER: Adresse aus Branchenverzeichnis, nicht direkt aus Impressum der OIE AG verifiziert - vor Nutzung prüfen. TAB-Niederspannung-PDF in Recherche nicht auffindbar. Telefon/Email nicht auffindbar.
SWK Stadtwerke Kaiserslautern GmbH;GmbH;Bismarckstraße 14;67655;Kaiserslautern;RP;0631 8001-0;info@swk-kl.de;https://www.swk-kl.de;https://www.swk-kl.de/_Resources/Persistent/c/f/d/1/cfd14722ef3406aa978268e9373b0f08b94290c7/SWKVersorgung_Technische%20Anschlussbedingungen%20TAB%202019.pdf;2019;n/a;https://www.swk-kl.de/netze/stromnetz/technische-vorschriften-netzanschluss | https://www.swk-kl.de/impressum;2026-09-18;"Netzbetrieb läuft unter der Muttergesellschaft SWK Stadtwerke Kaiserslautern GmbH (Impressum listet zusätzlich zwei verbundene AGs an gleicher Adresse), im Volksmund teils ""SWK Netz"" genannt, keine separate eigenständige Netz-GmbH identifiziert."
Energienetze Mittelrhein GmbH & Co. KG;GmbH & Co. KG;Schützenstraße 80-82;56068;Koblenz;RP;0261 2999-0;info@enm.de;https://www.energienetze-mittelrhein.de;https://www.energienetze-mittelrhein.de/mediendateien/downloads/stromnetz/netzanschluss/2026-01-01-tab-niederspannung-enm.pdf;01.01.2026;n/a;https://www.energienetze-mittelrhein.de/kontakte/ | https://www.evm.de/ueber-uns/ueber-evm/beteiligungen-fuer-die-region/;2026-09-18;"Netzgesellschaft der evm-Gruppe (Energieversorgung Mittelrhein) - entspricht dem im Rechercheauftrag genannten ""evm Netz GmbH"" (aktueller Firmenname geändert). Netzgebiet wuchs 2025 laut Pressemeldung um 20% (Übernahme Mayen und Rheinschiene). Der zusätzlich im Auftrag genannte Eintrag ""Energienetze Rheinland"" ließ sich als eigenständiger, aktuell aktiver VNB in RLP NICHT verifizieren - vermutlich Verwechslung mit dieser Gesellschaft oder mit RheinNetz GmbH (nur NRW/Köln). Das frühere RWE-Netzgebiet Bad Neuenahr-Ahrweiler wurde 2015 von Ahrtal-Werke GmbH übernommen (separater Eintrag)."
EnergieSüdwest Netz GmbH;GmbH;Industriestraße 18;76829;Landau in der Pfalz;RP;06341 289-200;info@esw-netz.de;https://esw-netz.de;n/a;"n/a - Hinweis auf ""TAB 2007 Niederspannung, Stand 2007 mit Ergänzung 2011"" gefunden, genauer PDF-Link nicht extrahiert";n/a;https://esw-netz.de/impressum/ | https://esw-netz.de/kundenservice/netzanschluss/;2026-09-18;TAB wirkt im Vergleich zu anderen VNB auffällig alt (2007/2011) - vor Verwendung direkt bei esw-netz.de nachprüfen, evtl. existiert eine neuere, in der Recherche nicht gefundene Fassung.
Pfalzwerke Netz AG;AG;Wredestraße 35;67059;Ludwigshafen;RP;0621 57057-2000;n/a;https://www.pfalzwerke-netz.de;https://www.pfalzwerke-netz.de/pfalzwerke-netz/downloads/netz-anschliessen/technische_anschlusbedingungen_niederspannung_2025.pdf;2025;n/a;https://www.pfalzwerke-netz.de/tab | https://www.vnbdigital.de/vnb/396;2026-09-18;Größter Netzbetreiber der Pfalz (Vorderpfalz, Südpfalz, Saarpfalz-Kreis-Randgebiete).
TWL Netze GmbH;GmbH;Industriestraße 3;67063;Ludwigshafen;RP;0621 505 1410;info@twl-netze.de;https://www.twl-netze.de;n/a;n/a;n/a;https://www.twl-netze.de/kontakt | https://www.twl.de/das-ist-twl/ueber-uns/netzbetreiber;2026-09-18;"Korrekter Firmenname ""TWL Netze GmbH"" (Plural), nicht ""TWL Netz GmbH"". Netzgesellschaft der Technische Werke Ludwigshafen AG. TAB-PDF-Link in Recherche nicht gefunden, auf twl-netze.de/downloads direkt prüfen."
Mainzer Netze GmbH;GmbH;Rheinallee 41;55118;Mainz;RP;06131 12 74 74;info@mainzer-netze.de;https://www.mainzer-netze.de;https://www.mainzer-netze.de/-/media/project/mainzer-stadtwerke/websites-mainzer-netze/mainzer-netze/dateien/ordnerstruktur-clean/g_s_w_anschluss/strom/s_technische-anschlussbedingungen-tab-ns.pdf;n/a - Datum nicht im Dateinamen erkennbar;n/a;https://www.mainzer-netze.de/kontakt;2026-09-18;"Offizieller Firmenname ""Mainzer Netze GmbH"", nicht ""Stadtwerke Mainz Netz GmbH"" wie im Rechercheauftrag genannt."
Stadtwerke Neuwied GmbH;GmbH;Hafenstraße 90;56564;Neuwied;RP;+49 2631 85-0;ndl@swn-neuwied.de (Netzdienstleistungen);https://www.swn-neuwied.de;https://www.swn-neuwied.de/swn/Netzbetrieb/EnWG/Stromnetz/Netzanschluss/Technische-Anschlussbedingungen-TAB-Niederspannung-.pdf;n/a - kein Datum auf Seite erkennbar;n/a;https://www.swn-neuwied.de/impressum | https://www.swn-neuwied.de/swn/Netzbetrieb/Fuer-Netzkunden/Verordnungen-Anschlussbedingungen-Strom/;2026-09-18;Allgemeine Email auf Website verschlüsselt dargestellt, nur Fachkontakt (Netzdienstleistungen) ermittelt.
Stadtwerke Pirmasens Versorgungs GmbH (Netzmarke: Stadtwerke Pirmasens Netze);GmbH;An der Streckbrücke 4;66954;Pirmasens;RP;06331/876-0;info@stadtwerke-pirmasens.de;https://www.stadtwerke-pirmasens-netze.de;https://www.stadtwerke-pirmasens-netze.de/de/Strom/Netzanschluss/Normen-und-Richtlinien/BDEW-Bundesmusterwortlaut-TAB-2023.pdf;2023;n/a;https://www.stadtwerke-pirmasens-netze.de/de/Strom/Netzanschluss/Normen-und-Richtlinien/ | https://www.stadtwerke-pirmasens.de/de/Kopfnavigation/Kontakt/;2026-09-18;"Netzmarke ""Stadtwerke Pirmasens Netze"" (eigene Subdomain), rechtlich Teil der Unternehmensgruppe (Holding GmbH / Versorgungs GmbH), Adresse laut Holding-Impressum, für Netzsparte nicht separat verifiziert."
Stadtwerke Speyer GmbH;GmbH;Georg-Peter-Süß-Straße 2;67346;Speyer;RP;06232 625-0;n/a;https://www.stadtwerke-speyer.de;n/a;n/a;n/a;https://www.stadtwerke-speyer.de/de/Ueber-uns/Netze1/Stromnetz/Netzanschluss.html;2026-09-18;TAB-Niederspannung-PDF nicht direkt auffindbar, Seite verweist nur auf VDE-AR-N 4100, ggf. im Netzanschlussportal (netzservice.stadtwerke-speyer.de) hinterlegt - vor Nutzung direkt prüfen.
SWT Stadtwerke Trier Versorgungs-GmbH;GmbH;Ostallee 7-13;54290;Trier;RP;0651 99988800;service@swt.de;https://www.swt.de;https://www.swt.de/api/media/file/V04_TAB_SWT_NS.pdf;n/a (Basis TAB 2019, gültig ab 27.04.2019 laut Website);n/a;https://www.swt.de/impressum | https://www.swt.de/p/Netzanschluss-5-2399.html;2026-09-18;-
Stadtwerke Zweibrücken GmbH;GmbH;Gasstraße 1;66482;Zweibrücken;RP;06332-874 0;n/a;https://www.stadtwerke-zw.de;https://www.stadtwerke-netz-zw.de/fileadmin/sw/dokumente/netze/Strom/Netzzugang/bdew_musterwortlaut_tab_niederspannung_2026_v1_0_NEU.pdf;2026 v1.0;n/a;https://www.stadtwerke-netz-zw.de/strom/netzanschluss/ | https://www.stadtwerke-zw.de/service/netzanschluss/;2026-09-18;"Netzinhalte werden unter separater Marke/Subdomain ""stadtwerke-netz-zw.de"" präsentiert, rechtlich aber dieselbe Stadtwerke Zweibrücken GmbH (keine eigenständige Netz-GmbH gefunden)."
Stadtwerke Bad Bramstedt Netz GmbH;GmbH;Lohstuecker Weg 10-12;24576;Bad Bramstedt;SH;04192 20131-0;anschluss@badbramstedtnetz.de;https://www.badbramstedtnetz.de;n/a nicht gefunden;n/a;n/a nicht verifiziert;https://www.gigaohm.de/verteilnetzbetreiber/stadtwerke-bad-bramstedt-netz-gmbh;2026-09-18;Daten stammen von Drittquelle (gigaohm.de), nicht direkt von Firmenwebsite verifiziert
ews-Netz GmbH (Energie und Wasser Wahlstedt/Bad Segeberg Netz GmbH);GmbH;Am Wasserwerk 5;23795;Bad Segeberg;SH;04551 52-2600;info@ewsnetz.de;https://www.ew-segeberg-netz.de;https://www.ew-segeberg-netz.de/fileadmin/user_upload/TAB_NS_EWS.pdf;n/a - Versionsdatum auf gefundenem Link nicht erkennbar (aeltere Fassung 05/2019 unter anderem Pfad ebenfalls online: /fileadmin/PDF/Stromnetz/Technische_Mindestanforderungen/TAB_NS_EWS_052019.pdf);n/a nicht verifiziert;https://www.ew-segeberg-netz.de/impressum/ | https://www.ew-segeberg-netz.de/service/kontakt;2026-09-18;versorgt Bad Segeberg und Wahlstedt
Stadtwerke Barmstedt (Eigenbetrieb der Stadt Barmstedt);Eigenbetrieb;Bahnhofstrasse 27;25355;Barmstedt;SH;04123 681-56;kontakt@stadtwerke-barmstedt.de;https://stadtwerke-barmstedt.de;n/a nicht gefunden;n/a;n/a nicht verifiziert;https://stadtwerke-barmstedt.de/impressum/;2026-09-18;
Versorgungsbetriebe Bordesholm GmbH;GmbH;Bahnhofstr. 13;24582;Bordesholm;SH;04322 6977-0;info@vb-bordesholm-gmbh.de;https://www.vb-bordesholm.de;n/a nicht gefunden;n/a;n/a nicht verifiziert;https://www.vb-bordesholm.de/impressum.html;2026-09-18;
Stadtwerke Brunsbuettel GmbH;GmbH;Eddelaker Str. 123d;25541;Brunsbuettel;SH;04852 83550-0;service@sw-brunsbuettel.de;https://www.stadtwerke-brunsbuettel.de;n/a nicht gefunden;n/a;n/a nicht verifiziert;https://www.stadtwerke-brunsbuettel.de/impressum;2026-09-18;
Stadtwerke Eckernfoerde GmbH;GmbH;Bornbrook 1;24340;Eckernfoerde;SH;04351 905-0;info@stadtwerke-sh.de;https://www.eckernfoerdernetz-sh.de;n/a nicht gefunden (Unterseite 404);n/a;n/a nicht verifiziert;https://www.eckernfoerdernetz-sh.de/impressum;2026-09-18;"Vertrieb unter Marke ""Stadtwerke SH"", Netzbetrieb separat als Stadtwerke Eckernfoerde GmbH"
Stadtwerke Elmshorn;GmbH (Rechtsform auf Kontaktseite nicht explizit genannt, ueblich GmbH);Westerstrasse 50-54;25336;Elmshorn;SH;04121 645-0 (Zentrale) / 04121 645-333 (Kundenservice);n/a - auf Seite verschluesselt dargestellt;https://www.stadtwerke-elmshorn.de;https://www.stadtwerke-elmshorn.de/de/Privatkunden/Netze/Hausanschluss-/Installateure/Installateure/Technische-Anschlussbedingungen.pdf;2023;eigenes Online-Portal: https://netzanschluss.stadtwerke-elmshorn.de/;https://www.stadtwerke-elmshorn.de/kontakt | https://www.stadtwerke-elmshorn.de/de/Privatkunden/Netze/Hausanschluss-/Installateure/;2026-09-18;Rechtsform nicht 100% verifiziert (nicht explizit auf Kontaktseite genannt)
Stadtwerke Eutin GmbH;GmbH;Holstenstrasse 6;23701;Eutin;SH;04521 705-300;n/a - auf Seite nicht extrahierbar (nur verschluesselt);https://www.stadtwerke-eutin.de;n/a nicht gefunden;n/a;n/a nicht verifiziert;https://www.stadtwerke-eutin.de/de/Fussnavigation/Impressum/;2026-09-18;
Stadtwerke Flensburg GmbH;GmbH;Batteriestrasse 48;24939;Flensburg;SH;0461 487-0;service@stadtwerke-flensburg.de;https://www.stadtwerke-flensburg.de;https://www.stadtwerke-flensburg.de/fileadmin/user_upload/PDFs/1.2_Service/1.2.7_Downloads/Netze/20230622_Anlage_1_TAB_NS_Nord_2019_v_20191127.pdf;TAB NS Nord 2019, Version 27.11.2019 (zzgl. SWFL-Beiblatt);n/a nicht verifiziert;https://www.stadtwerke-flensburg.de/impressum | https://www.stadtwerke-flensburg.de/netze/produkte-und-services/netze-downloads;2026-09-18;zusaetzlich Beiblatt SWFL zur TAB NS Nord 2019 verfuegbar: .../TAB_NS_Nord_2019_Beiblatt-SWFL.pdf
Stadtwerke Geesthacht GmbH;GmbH;Mercatorstrasse 67 (Verwaltung/Technik) / Bergedorfer Strasse 30-32 (Kundenservice);21502;Geesthacht;SH;04152 929-300;service@stadtwerke-geesthacht.de;https://www.stadtwerke-geesthacht.de;n/a nicht gefunden;n/a;n/a nicht verifiziert;https://www.stadtwerke-geesthacht.de/impressum;2026-09-18;
Stadtwerke Glueckstadt GmbH;GmbH;Bahnhofstrasse 1;25348;Glueckstadt;SH;04124 936-0;info@stw-glueckstadt.de;https://stadtwerke-glueckstadt.de;n/a nicht gefunden;n/a;n/a nicht verifiziert;https://stadtwerke-glueckstadt.de/impressum/;2026-09-18;
Gemeindewerke Halstenbek;Eigenbetrieb der Gemeinde Halstenbek;Ostereschweg 9;25469;Halstenbek;SH;04101 4907-0;info@gwhalstenbek.de;https://www.gwhalstenbek.de;n/a nicht gefunden;n/a;n/a nicht verifiziert;https://www.gwhalstenbek.de/impressum.html;2026-09-18;
Stadtwerke Heide GmbH;GmbH;Hinrich-Schmidt-Str. 16;25746;Heide;SH;0481 906-0 (Hauptverwaltung) / 0481 906-400 (Kundencenter);info@stadtwerke-heide.de;https://www.stadtwerke-heide.de;n/a nicht gefunden;n/a;n/a nicht verifiziert;https://www.stadtwerke-heide.de/ueber-uns/anfahrt.html | https://www.stadtwerke-heide.de/netze/stromnetz/netzanschluss.html;2026-09-18;Kundencenter separate Adresse: Suederstrasse 30, 25746 Heide
Gemeindewerke Heikendorf AoeR;AoeR (Anstalt des oeffentlichen Rechts);Wasserwaage 1;24226;Heikendorf;SH;0431 248700;info@gwh.sh;https://www.gwh.sh;n/a nicht gefunden;n/a;n/a nicht verifiziert;https://www.gwh.sh/impressum/;2026-09-18;
Stadtwerke Husum Netz GmbH;GmbH;Am Binnenhafen 1;25813;Husum;SH;04841 8997-777;info@husumnetz.de;https://www.husumnetz.de;"n/a - kein direkter PDF-Link auffindbar, Team ""Energie.System.Dienste"" verweist auf Anfrage";n/a;n/a nicht verifiziert;https://www.husumnetz.de/impressum/ | https://www.husumnetz.de/leistungen/stromnetz/netzanschluss/;2026-09-18;fuer TAB NS: Kontakt esd@husumnetz.de, Tel. 04841 8997-216/-217/-222
Stadtwerke Itzehoe GmbH;GmbH;Viktoriastrasse 1 (Ecke Bekstrasse);25524;Itzehoe;SH;04821 774-0 (Service-Hotline) / 04821 774-71 (Kundenzentrum);service@sw-itzehoe.de;https://www.stadtwerke-itzehoe.de (Netz: https://netze.stadtwerke-itzehoe.de);https://netze.stadtwerke-itzehoe.de/wp-content/uploads/2024/07/20240515_TAB_NS_Nord_2023_v2.0.pdf;TAB NS Nord 2023 v2.0, gueltig ab 01.07.2024 (Dokumentdatum 15.05.2024);n/a nicht verifiziert;https://www.stadtwerke-itzehoe.de/kontakt/ | https://netze.stadtwerke-itzehoe.de/anschlussbedingungen/;2026-09-18;
Stadtwerke Kaltenkirchen GmbH;GmbH;Kamper Weg 38;24568;Kaltenkirchen;SH;04191 936-0;n/a - auf Seite verschluesselt dargestellt;https://www.stadtwerke-kaltenkirchen.de;n/a nicht gefunden;n/a;n/a nicht verifiziert;https://www.stadtwerke-kaltenkirchen.de/de/Fussnavigation/Impressum/;2026-09-18;
SWKiel Netz GmbH;GmbH;Uhlenkrog 32;24113;Kiel;SH;0431 594 3410;n/a - nur Kontaktformular gefunden;https://www.swkiel-netz.de;https://www.swkiel-netz.de/fileadmin/user_upload_swk_netz/dokumente/strom/netzanschluss/anschlussbedingungen/TAB_NS_Nord_2023_v2_20240515.pdf;TAB NS Nord 2023 v2, 15.05.2024;n/a nicht verifiziert;https://www.swkiel-netz.de/impressum | https://www.swkiel-netz.de/strom/marktpartner/installateure;2026-09-18;Netzgesellschaft der Stadtwerke Kiel
Versorgungsbetriebe Kronshagen GmbH;GmbH;Claus-Sinjen-Strasse 31;24119;Kronshagen;SH;0431 5867 2-0;info@vbk-kronshagen.de;https://www.vbk-kronshagen.de;n/a nicht gefunden;n/a;n/a nicht verifiziert;https://www.gigaohm.de/verteilnetzbetreiber/versorgungsbetriebe-kronshagen-gmbh;2026-09-18;Daten stammen von Drittquelle (gigaohm.de), nicht direkt von Firmenwebsite verifiziert
VersorgungsBetriebe Elbe GmbH;GmbH;Hamburger Strasse 9-11;21481;Lauenburg/Elbe;SH;04153 595-0;kundenzentrum@versorgungsbetriebe-elbe.de;https://www.versorgungsbetriebe-elbe.de;n/a nicht gefunden;n/a;n/a nicht verifiziert;https://www.versorgungsbetriebe-elbe.de/impressum;2026-09-18;versorgt auch Boizenburg/Elbe (Mecklenburg-Vorpommern) von einem zweiten Standort aus, Hauptsitz aber in SH (Lauenburg)
TraveNetz GmbH;GmbH;Geniner Strasse 80;23560;Luebeck;SH;0451 8888080;info@travenetz.de;https://www.travenetz.de;n/a - TAB-Unterseite vorhanden, direkter PDF-Link nicht extrahierbar;n/a;n/a - evtl. VNBdigital fuer Pflichtveroeffentlichungen (Netzausbauplan), kein bestaetigtes Anmeldeportal;https://www.travenetz.de/fuer-bauherren/netzanschluss/technische-anschlussbedingungen/ | https://fragdenstaat.de/behoerde/48897/travenetz-gmbh/;2026-09-18;Netzgesellschaft der Stadtwerke Luebeck (SWL), TAB-Seite existiert unter travenetz.de, PDF liess sich per Tool nicht direkt oeffnen (Redirect-Fehler) - vor Ort pruefen
Stadtwerke Neumuenster (SWN) - KEIN eigener Stromnetzbetreiber;n/a;n/a;24534;Neumuenster;SH;n/a;n/a;https://swn.net;n/a;n/a;n/a;https://www.sh-netz.com/de/schleswig-holstein-netz/shnetz_aktuell/mitteilungen/neumuenster-verlaengert-konzessionsvertraege-mit--sh-netz-fuer-s.html | https://www.energate-messenger.de/news/228425/stadtwerke-neumuenster-trennen-sich-von-netze-beteiligung;2026-09-18;WICHTIG: Stadtwerke Neumuenster sind Energievertrieb, das Stromverteilnetz (Niederspannung) in Neumuenster wird von Schleswig-Holstein Netz GmbH per Konzessionsvertrag betrieben (2021 um 10 Jahre verlaengert), SWN hat sich zudem von einer Beteiligung an der frueheren Netzgesellschaft getrennt. Zeile nur zur Klarstellung, NICHT als eigenstaendiger VNB zu verwenden.
Stadtwerke Neustadt in Holstein (kommunaler Eigenbetrieb);Eigenbetrieb;Neukoppel 2;23730;Neustadt in Holstein;SH;04561 5110-0;online@swnh.de;https://www.swnh.de;n/a nicht gefunden;n/a;n/a nicht verifiziert;https://www.swnh.de/impressum/;2026-09-18;
Stadtwerke Nordfriesland - Netz GmbH;GmbH;Ostring 5;25899;Niebuell;SH;04661 6018-0;moin@sw-nf-netz.de;https://www.sw-nf-netz.de;n/a - auf Anmeldeportal-Unterseite nicht gefunden;n/a;https://netzanschluss.sw-nf-netz.de/ (eigenes Online-Anmeldeportal fuer Netzanschluesse);https://www.sw-nf-netz.de/impressum | https://netzanschluss.sw-nf-netz.de/;2026-09-18;betreibt u.a. Netzgebiet rund um Husum/Nordfriesland (Vorsicht: nicht identisch mit Stadtwerke Husum Netz GmbH, das ist ein separater VNB)
Stadtwerke Norderstedt (Eigenbetrieb);Eigenbetrieb;Heidbergstrasse 101-111;22846;Norderstedt;SH;040 52104-0;info@stadtwerke-norderstedt.de;https://www.stadtwerke-norderstedt.de;https://www.stadtwerke-norderstedt.de/fileadmin/user_upload/Dokumente/Netzanschluss/Installateure/Strom/TAB_NS_Nord_SWN.pdf;TAB NS Nord (Versionsdatum im Dateinamen nicht erkennbar, vermutlich 2023er Fassung);n/a nicht verifiziert;https://www.stadtwerke-norderstedt.de/impressum;2026-09-18;
Stadtwerke Nortorf AoeR;AoeR (Anstalt des oeffentlichen Rechts);Poststrasse 21;24589;Nortorf;SH;04392 9130-0;info@stadtwerke-nortorf.de;https://stadtwerke-nortorf.de;n/a nicht gefunden;n/a;n/a nicht verifiziert;https://stadtwerke-nortorf.de/impressum/;2026-09-18;
Stadtwerke Oldenburg in Holstein GmbH;GmbH;Markt 1;23758;Oldenburg in Holstein;SH;04361 65900-0;info@swo-holstein.de;https://www.swo-holstein.de;n/a nicht gefunden;n/a;n/a nicht verifiziert;https://www.swo-holstein.de/impressum.html;2026-09-18;
Stadtwerke Suedholstein GmbH;GmbH;Am Hafen 67;25421;Pinneberg;SH;04101 2030;kundenservice@sw-suedholstein.de;https://www.sw-suedholstein.de;https://netze.sw-suedholstein.de/service/downloads?_hash=mqunnLBLFHa1P0VAIR7MDaGL%2F71spN9nF4vSva%2B5ALI%3D&ctx=a%3A1%3A%7Bs%3A2%3A%22id%22%3Bi%3A54%3B%7D&d=attachment&f=TAB-NS-Nord-2023-v2-im-Netzgebiet-der-Stadtwerke-Pinneberg-GmbH.pdf;TAB NS Nord 2023 v2;"n/a nicht verifiziert (Formular ""Anmeldung-Niederspannung.pdf"" vorhanden, kein Online-Portal bestaetigt)";https://www.sw-suedholstein.de/impressum | https://netze.sw-suedholstein.de/service/downloads;2026-09-18;Netzgebiet umfasst u.a. (ehem.) Stadtwerke Pinneberg GmbH und Tornesch, Download-Link enthaelt Session-Hash und kann ablaufen - im Zweifel ueber netze.sw-suedholstein.de/service/downloads neu suchen
NordNetz GmbH;GmbH;Schleswag-HeinGas-Platz 1;25451;Quickborn;SH;04106 9998033;n/a - Adresse auf Seite verschluesselt dargestellt;https://www.nordnetz.com;n/a nicht gefunden;n/a;n/a nicht verifiziert;https://www.nordnetz.com/de/NordNetz/impressum.html | https://www.nordnetz.com/de/NordNetz/portraet.html;2026-09-18;100%ige Tochtergesellschaft der Schleswig-Holstein Netz GmbH, eigener kleinerer VNB laut gigaohm.de-Liste (114 Einheiten)
Schleswig-Holstein Netz GmbH (SH Netz);GmbH;Schleswag-HeinGas-Platz 1;25451;Quickborn;SH;04106 6489090;kundenservice@sh-netz.com;https://www.sh-netz.com;https://www.sh-netz.com/content/dam/revu-global/sh-netz/Documents/Energie_anschliessen/Stromnetz/Technische_Mindestanforderungen/bdew_tab_ns_nord_2023.pdf;BDEW TAB NS Nord 2023;n/a - vermutlich eigenes Portal, nicht verifiziert;https://www.sh-netz.com/de/schleswig-holstein-netz/kontakt/telefonnummern.html | https://fragdenstaat.de/behoerde/17024/schleswig-holstein-netz-ag/ | https://de.wikipedia.org/wiki/Schleswig-Holstein_Netz;2026-09-18;"Groesster VNB in SH (Tochter von HanseWerk/E.ON), betreibt per Konzessionsvertrag auch das Stromnetz in Neumuenster - Stadtwerke Neumuenster (SWN) sind dort NICHT selbst Niederspannungs-Netzbetreiber, siehe eigene Zeile unten. Firma frueher ""Schleswig-Holstein Netz AG"", inzwischen als GmbH gefuehrt (Quellen uneinheitlich/AG-Bezeichnung z.T. veraltet)"
Stadtwerke Quickborn GmbH;GmbH;Pinneberger Strasse 2;25451;Quickborn;SH;04106 616-0;n/a - auf Seite verschluesselt dargestellt;https://www.stadtwerke-quickborn.de;n/a nicht gefunden;n/a;n/a nicht verifiziert;https://www.stadtwerke-quickborn.de/de/Home/Impressum/;2026-09-18;
Vereinigte Stadtwerke Netz GmbH;GmbH;Bei den Stadtwerken 1;23909;Ratzeburg;SH;04541 807-01 (Zentrale) / 04541 807-555 (Kundenservice);n/a - auf Impressum-Seite verschluesselt dargestellt;https://www.vereinigte-stadtwerke.de;https://services.vereinigte-stadtwerke.de/vsg/de/f/c/2/media_token/hktu5tbtgc;TAB NS Nord 2023 (Vorversion TAB NS Nord 2019 ebenfalls online);n/a nicht verifiziert;https://www.vereinigte-stadtwerke.de/impressum/ | https://www.vereinigte-stadtwerke.de/verbund/vereinigte-stadtwerke-netz/ | https://www.vereinigte-stadtwerke.de/strom/stromnetz/;2026-09-18;Netzgebiet Region Ratzeburg/Moelln/Bad Oldesloe/Reinfeld/Nusse (Kreis Herzogtum Lauenburg / Stormarn), NICHT identisch mit Elmshorn/Pinneberg
e-werk Sachsenwald GmbH;GmbH;Hermann-Koerner-Strasse 61-63;21465;Reinbek;SH;040 7273 73-0;n/a - auf Impressum-Seite nicht extrahierbar (404 bei direktem Abruf);https://www.ewerk-sachsenwald.de;n/a nicht gefunden;n/a;n/a nicht verifiziert;https://www.ewerk-sachsenwald.de/de/Netze/Stromnetz1/Kontakt.html;2026-09-18;Versorger/Netzbetreiber fuer Reinbek und Umgebung (Kreis Herzogtum Lauenburg)
Stadtwerke Rendsburg GmbH;GmbH;Am Eiland 12;24768;Rendsburg;SH;04331 209-0;kundenservice@stadtwerke-sh.de;https://www.rendsburgernetz-sh.de;n/a nicht gefunden (Unterseiten 404);n/a;n/a nicht verifiziert;https://www.rendsburgernetz-sh.de/impressum;2026-09-18;"Vertrieb unter Marke ""Stadtwerke SH"", Netzbetrieb separat als Stadtwerke Rendsburg GmbH"
Reussenkoege Netz & Infrastruktur GmbH;n/a nicht verifiziert (vermutlich GmbH);n/a nicht gefunden;n/a;Reussenkoege;SH;n/a nicht gefunden;n/a nicht gefunden;n/a nicht gefunden;n/a nicht gefunden;n/a;n/a nicht verifiziert;https://www.gigaohm.de/bundesland/schleswig-holstein;2026-09-18;kleinster VNB in SH laut gigaohm.de-Liste (nur 2 Einheiten/Netzanschluesse), keine eigene Firmenwebsite oder Impressum auffindbar, Existenz nur ueber gigaohm.de-Liste bestaetigt - dringend vor Ort/telefonisch bei Gemeinde Reussenkoege (Kreis Nordfriesland) verifizieren
Schleswiger Stadtwerke GmbH;GmbH;Werkstrasse 1;24837;Schleswig;SH;04621 801-0;info@stadtwerke-sh.de;https://www.schleswigernetz-sh.de (Vertrieb: https://www.stadtwerke-sh.de/schleswig);n/a nicht gefunden;n/a;n/a nicht verifiziert;https://www.stadtwerke-sh.de/schleswig/impressum | https://www.schleswigernetz-sh.de/netzsparte/strom/downloads-netzanschluss;2026-09-18;"Vertrieb laeuft unter Marke ""Stadtwerke SH"", Netzbetrieb separat als Schleswiger Stadtwerke GmbH (Unbundling)"
Gemeindewerke Schoenkirchen GmbH;GmbH;Dorfstr. 4;24232;Schoenkirchen;SH;04348 9592777;vertrieb@gws-sh.de;https://www.gws-sh.de;n/a nicht gefunden;n/a;n/a nicht verifiziert;https://www.gws-sh.de/impressum;2026-09-18;
Stadtwerke Schwentinental GmbH;GmbH;Seebrooksberg 1;24222;Schwentinental;SH;0431 220 8241-0;info@stadtwerke-schwentinental.de;https://www.stadtwerke-schwentinental.de;n/a nicht gefunden;n/a;n/a nicht verifiziert;https://www.stadtwerke-schwentinental.de/impressum;2026-09-18;
Stadtwerke Wedel GmbH;GmbH;Gorch-Fock-Str. 2;22880;Wedel;SH;04103 805-0;n/a - auf Seite verschluesselt dargestellt;https://www.stadtwerke-wedel.de;n/a nicht gefunden;n/a;n/a nicht verifiziert;https://www.stadtwerke-wedel.de/Impressum;2026-09-18;
Energieversorgung Sylt GmbH;GmbH;Friesische Strasse 53;25980;Westerland/Sylt;SH;04651 925-925;kundenservice@energieversorgung-sylt.de;https://www.energieversorgung-sylt.de;n/a - nur Kontaktdatenblatt Netzbetreiber gefunden, kein direkter TAB-Link;n/a;n/a nicht verifiziert;https://www.energieversorgung-sylt.de/kontakt-aktuelles/adresse-oeffnungszeiten;2026-09-18;
Stadtwerke Wilster;n/a - auf Kontaktseite nicht explizit genannt (vermutlich GmbH);Rathausstrasse 68;25554;Wilster;SH;04823 990-0;service@sw-wilster.de;https://stadtwerke-wilster.de (Netz: https://netze.stadtwerke-wilster.de);n/a nicht gefunden;n/a;n/a nicht verifiziert;https://stadtwerke-wilster.de/kontakt/;2026-09-18;Rechtsform nicht verifiziert
GETEC net GmbH;GmbH;An der Boerse 4;30159;Hannover;SH;0511 121088-60;info@getec-net.de;https://www.getec-net.de;n/a nicht gefunden;n/a;n/a nicht verifiziert;https://www.gigaohm.de/bundesland/schleswig-holstein | https://www.getec-net.de/kontakt;2026-09-18;[Bundesland-Hinweis: Standort/Netzgebiet in SH nicht verifiziert] laut gigaohm.de als VNB in SH gelistet (vermutlich kleines Objekt-/Industrienetz), Hauptsitz Hannover, genauer Standort/Netzgebiet des SH-Anschlusses NICHT verifiziert - vor Nutzung pruefen
Stadtwerke Dillingen/Saar Netzgesellschaft mbH;mbH (GmbH);Feldstraße 40;66763;Dillingen/Saar;SL;n/a;n/a;https://swdsaar-netz.de;https://swdsaar-netz.de/wp-content/uploads/2025/08/TAB-2024_Erlaeuterungen_VEWSaar_04-2024.pdf;April 2024 (Erläuterungen zur TAB);n/a;https://www.vewsaar.de/index.php?id=23 | https://swdsaar-netz.de/strom/;2026-09-18;Adresse laut VEWSaar-Mitgliederliste, nicht direkt per Fetch der Firmenseite verifiziert (Impressum-Abruf schlug fehl) - vor Nutzung prüfen. Telefon/Email nicht auffindbar.
Stadtwerke Homburg GmbH;GmbH;Lessingstr. 3;66424;Homburg;SL;06841 694-0;kontakt@stadtwerke-homburg.de;https://www.stadtwerke-homburg.de;https://www.stadtwerke-homburg.de/fileadmin/dokumente/Netze/Stromnetz/pdf/Veroeffentlichung_2026/BDEW_Musterwortlaut_TAB_Niederspannung_2026_v1_0.pdf;2026 (BDEW-Musterwortlaut v1.0);n/a;https://www.stadtwerke-homburg.de/netze/stromnetz/unternavigation-1-spalte/veroeffentlichungen/teil-1;2026-09-18;-
Gemeindewerke Kirkel GmbH;GmbH;Hauptstraße 10 b;66459;Kirkel;SL;+49 6841 9815-0;info@gwkirkel.de;https://www.gwk-netz.de;n/a;n/a;n/a;https://www.gwk-netz.de/impressum/ | https://gwkirkel.de/impressum/;2026-09-18;Betreibt Niederspannungsnetz gemeinsam mit KEW AG (siehe gemeinsame TAB im KEW-Eintrag). Eigenes TAB-PDF in Recherche nicht separat auffindbar.
Netzwerke Merzig GmbH;GmbH;Am Gaswerk 10;66663;Merzig;SL;06861 7006-700;info@netzwerke-merzig.de;https://www.netzwerke-merzig.de;https://www.netzwerke-merzig.de/_Resources/Persistent/7/2/8/2/72822d0318d5203e27d5cba19275a505001693d3/Ergaenzende%20Bedingungen%20Niederspannungsanschlussverordnung.pdf;n/a;n/a;https://www.netzwerke-merzig.de/unternehmen/kontakt-anfahrt.html | https://www.netzwerke-merzig.de/unternehmen/impressum.html;2026-09-18;-
KEW Kommunale Energie- und Wasserversorgung AG;AG;Händelstr. 5;66538;Neunkirchen;SL;+49 6821 200-0;info@kew.de;https://kew.de;https://kew-netz.de/media/pages/dokumente/strom/installateure/25-20241217-technische-anschlussbedingungen-niederspannung-kew-ag-und-gwk-gmbh/a6e443e67a-1756376965/25_20241217__technische_anschlussbedingungen_niederspannung_kew_ag_und_gwk_gmbh.pdf;17.12.2024;n/a;https://kew-netz.de/impressum | https://kew-netz.de/downloads/fuer-installateure/;2026-09-18;"Größter VNB für Neunkirchen/Saar, gemeinsame TAB mit Gemeindewerke Kirkel GmbH (GWK, siehe separater Eintrag). Netzmarke ""KEW Netz"" (kew-netz.de), rechtlich KEW AG."
VSE Verteilnetz GmbH;GmbH;Heinrich-Böcking-Str. 10-14;66121;Saarbrücken;SL;0681 4030-1221;info@vse-verteilnetz.de;https://www.vse-verteilnetz.de;n/a;n/a;n/a;https://www.vse-verteilnetz.de/impressum.html | https://www.vewsaar.de/index.php?id=23;2026-09-18;TAB-Niederspannung-PDF nicht direkt auf der Website gefunden, vermutlich über VEWSaar e.V. Sammeldokumente bereitgestellt - direkt bei VSE erfragen (Netz-Tel. 0681 4030-2611 laut Recherche).
VSENet GmbH;GmbH;Nell-Breuning-Allee 6;66115;Saarbrücken;SL;n/a;n/a;n/a;n/a;n/a;n/a;https://www.vewsaar.de/index.php?id=23;2026-09-18;UNSICHER: Rolle nicht abschließend verifiziert. Laut VEWSaar-Mitgliederliste als netznahe Gesellschaft der VSE-Gruppe gelistet, könnte aber Mess- oder Serviceleistungen statt eigenständiges Niederspannungsnetz betreiben (Abgrenzung zu VSE Verteilnetz GmbH unklar). Vor Nutzung direkt bei VSE/energis-Gruppe nachfragen, ob VSENet GmbH ein eigenes Verteilnetz betreibt.
energis-Netzgesellschaft mbH;mbH (GmbH);Heinrich-Böcking-Straße 10-14;66121;Saarbrücken;SL;+49 681 4030-1566;service@energis-netzgesellschaft.de;https://www.energis-netzgesellschaft.de;https://www.energis-netzgesellschaft.de/fileadmin/dokumente/Downloads/Netzanschluss/pdf/S_energis_TAB_NS_2024.pdf;2024;n/a;https://www.energis-netzgesellschaft.de/kontakt/kontakt.html | https://www.energis-netzgesellschaft.de/download-center/netzanschluss.html;2026-09-18;Größter VNB im Saarland (Saarbrücken und Umland).
Netzwerke Saarlouis GmbH;GmbH;Holtzendorffer Straße 12;66740;Saarlouis;SL;n/a;n/a;https://www.nwsls.de;https://www.nwsls.de/assets/pdfs/Strom/1_1_Netzanschluss/1_1_3_technische_Mindestanforderungen_Netzanschluss/1_1_3_a_Niederspannung/technsiche-anschlussbedingungen-niederspannung-(tab-ns)-ausgabe-2024-aktualisiert-2025.pdf;Ausgabe 2024, aktualisiert 2025;n/a;https://www.nwsls.de/stromnetz/netzanschluss.html;2026-09-18;Zentrale Telefonnummer/Email nicht gefunden, nur direkte Ansprechpartner in der Netzabteilung Strom (z.B. 06831 9596-529).
Stadtwerke St. Ingbert GmbH;GmbH;Reinhold-Becker-Straße 1;66386;St. Ingbert;SL;06894 9552-0;info@biosphaeren-sw.de;https://www.sw-igb.de;n/a;n/a;n/a;https://www.sw-igb.de/netzzugang-strom/ | https://www.sw-igb.de/verordungen-bedingungen/;2026-09-18;"Verweist auf Bundesmusterwortlaut TAB Niederspannung via vewsaar.de (kein eigenständiges Firmen-PDF gefunden). Email-Domain ""biosphaeren-sw.de"" wirkt wie gemeinsame Marke mehrerer Biosphären-Stadtwerke - vor Nutzung verifizieren."
SSW Netz GmbH;GmbH;St. Floriansweg 2;66606;St. Wendel;SL;n/a - nur Störungs-Hotlines (Strom 06851/902-550, Gas 06851/902-551);n/a;https://ssw-netz.de;n/a;n/a;n/a;https://ssw-netz.de/unternehmen/ansprechpartner/;2026-09-18;Netzgesellschaft der SSW-Stadtwerke St. Wendel GmbH & Co. KG. TAB-PDF und allgemeine Kontaktdaten in Recherche nicht auffindbar.
Stadtwerke Völklingen Netz GmbH;GmbH;Hohenzollernstraße 10;66333;Völklingen;SL;+49 6898 150-0;info@swvk-netz.de;https://swvk-netz.de;n/a;n/a;n/a;https://swvk-netz.de/downloads/ | https://swvk-netz.de/unternehmen/;2026-09-18;"TAB Niederspannung wird laut Website über den Bundesmusterwortlaut auf vewsaar.de bereitgestellt (kein eigenständiges Firmen-PDF gefunden), nur ""Begründung der Ergänzungen"" als separates PDF vorhanden."
Gemeindewerke Wadgassen GmbH;GmbH;Wendelstraße 79;66787;Wadgassen;SL;(0)6834 944-0;info@gemeindewerke-wadgassen.de;https://gemeindewerke-wadgassen.de;https://gemeindewerke-wadgassen.de/wp-content/uploads/2026/08/BDEW_Musterwortlaut_TAB_Niederspannung_2026_v1_0-1.pdf;August 2026 (v1.0);n/a;https://gemeindewerke-wadgassen.de/downloads/ | https://gemeindewerke-wadgassen.de/impressum/;2026-09-18;-
Stadtwerke Chemnitz Netz (vermutlich eins energie in sachsen GmbH & Co. KG);n/a;n/a;n/a;Chemnitz;SN;n/a;n/a;https://www.eins-energie.de/;n/a;n/a;n/a;n/a;2026-09-18;"UNSICHER/unvollstaendig: Die vermutete Netzbetreiber-Webseite eins-energie.de war in dieser Sandbox bei jedem Versuch technisch nicht erreichbar (robots.txt-Fehler/Timeout). Das WebFetch-Tool-Sitzungslimit wurde erreicht, bevor Adresse/Kontakt/TAB ueber Alternativquellen (z.B. northdata.de) verifiziert werden konnten. Alle Detailfelder daher n/a - dringend manuell nachrecherchieren, u.a. ob die Netzgesellschaft ggf. separat firmiert (z.B. ""Netz Chemnitz GmbH"")."
SachsenNetze GmbH (ehem. DREWAG NETZ GmbH);GmbH;Friedrich-List-Platz 2;01069;Dresden;SN;0800 0320010 (Netzanschluss: 0351 5630-27272);Service-Netze@SachsenEnergie.de;https://www.sachsen-netze.de/;n/a;n/a;n/a;https://www.sachsen-netze.de/ (Impressum, Kontakt);2026-09-18;Teil der SachsenEnergie-Gruppe. Handelsregister HRB 24980, Amtsgericht Dresden. Die Domain enso.de (ENSO Netz GmbH, Ostsachsen) leitet auf sachsenenergie.de weiter - deutet auf Zusammenschluss von DREWAG NETZ und ENSO Netz zu SachsenNetze GmbH hin, aber NICHT abschliessend im Impressum bestaetigt. Netzgebiet umfasst laut Website Dresden und Ostsachsen (Bueros u.a. in Bautzen, Goerlitz, Heidenau, Grossenhain). TAB-PDF-Link fuer Niederspannung konnte in dieser Session nicht gefunden werden (mehrere Unterseiten lieferten 404/Timeout) - bitte auf sachsen-netze.de unter Netzanschluss/Niederspannung pruefen. Daneben existiert die separate Gesellschaft SachsenNetze HS.HD GmbH (Hoch-/Hoechstspannung, fuer NS-Ebene nicht relevant).
Freiberger Stromversorgung GmbH (Netzbetrieb der Stadtwerke Freiberg AG);GmbH;Poststraße 5;09599;Freiberg;SN;03731 3094-140;netzanschluss@stadtwerke-freiberg.de;https://www.stadtwerke-freiberg.de/;https://www.stadtwerke-freiberg.de/fileadmin/sw_downloads/Netz/Strom/TAB_2023_v2.0.pdf;TAB 2023, Version 2.0;https://stadtwerke-freiberg.netzanschlussanfragen.de/;https://www.stadtwerke-freiberg.de/netze/strom/anschluss.html;2026-09-18;"Namentlicher Netzbetreiber laut Website ist ""Freiberger Stromversorgung GmbH"", Mutter-/Vertriebsmarke ist ""Stadtwerke Freiberg AG"". Rechtsform GmbH aus dem Namen abgeleitet, nicht separat per Handelsregister gegengeprueft."
Stadtwerke Görlitz AG;AG;Demianiplatz 23;02826;Görlitz;SN;+49 3581 33535 (Stoerung: +49 3581 33555);info@stadtwerke-goerlitz.de;https://www.stadtwerke-goerlitz.de/;https://www.stadtwerke-goerlitz.de/netz/stromnetz/veroffentlichungspflichten/netzzugang/technische-anschlussbedingungen;n/a;n/a;https://www.stadtwerke-goerlitz.de/netz/stromnetz/veroffentlichungspflichten/netzzugang;2026-09-18;"Teil des Veolia-Konzerns. Der TAB-Link fuehrt zur Uebersichtsseite fuer Netzzugang/TAB; das exakte PDF und dessen Stand/Datum konnten wegen wiederholtem Timeout in dieser Session nicht final bestaetigt werden - bitte Link direkt oeffnen und pruefen."
Netz Leipzig GmbH;GmbH;Arno-Nitzsche-Straße 35;04277;Leipzig;SN;0341 121-40 (Stoerungshotline 24/7: 0800 121-3000);info@netz-leipzig.de;https://www.netz-leipzig.de/;n/a;n/a;n/a - Netzanschluss-Antraege per Email an netzanschluesse@netz-leipzig.de;https://www.netz-leipzig.de/impressum/;2026-09-18;Tochter der Leipziger Gruppe. Handelsregister Amtsgericht Leipzig HRB 12821. TAB-PDF fuer Niederspannung nicht automatisiert auffindbar (Downloadbereich laut Navigation vorhanden, genaue URL nicht extrahierbar) - manuell auf netz-leipzig.de im Downloadbereich pruefen.
Meißener Stadtwerke GmbH;GmbH;Karl-Niesner-Straße 1;01662;Meißen;SN;03521 4601-0;info@stadtwerke-meissen.de;https://www.stadtwerke-meissen.de/;n/a;n/a;n/a;https://www.stadtwerke-meissen.de/;2026-09-18;Kein TAB-Niederspannung-Link auf der Website automatisiert gefunden - moeglicherweise nur auf Anfrage erhaeltlich, bitte telefonisch/per Email erfragen.
Stadtwerke Pirna GmbH;GmbH;Seminarstraße 18b;01796;Pirna;SN;03501 764-0 (Netzanschluss: 03501 764105);n/a;https://www.stadtwerke-pirna.de/;n/a;n/a;"n/a - Erwaehnung eines ""Netzanschlussportals"" auf der Website, genaue URL nicht bestaetigt";https://www.stadtwerke-pirna.de/de/Service/Bauherrenservice/Netzanschluss/Netzanschluesse_224574.html;2026-09-18;Email-Adresse auf der Webseite ist verschluesselt/per Skript eingebunden und konnte nicht automatisiert extrahiert werden. TAB-PDF-Link nicht gefunden. Ansprechpartner Netzanschluss laut Webseite: Herr Bretschneider / Frau Hanitzsch.
Stadtwerke - Strom Plauen GmbH & Co. KG;GmbH & Co. KG;Hammerstraße 68;08523;Plauen;SN;03741 719888;n/a;https://www.stadtwerke-strom-plauen.de/;n/a;n/a;n/a;https://www.stadtwerke-strom-plauen.de/;2026-09-18;Telefonnummer ist allgemeine Service-Hotline. Email-Adresse und TAB-Niederspannung-Link in dieser Session nicht auffindbar.
Stadtwerke Riesa GmbH;GmbH;Alter Pfarrweg 1;01587;Riesa;SN;03525 708-30 (Stoerung: 03525 872403);stadtwerke@stw-riesa.de;https://www.stw-riesa.de/;n/a;n/a;netzportal.stw-riesa.de (laut Website-Erwaehnung, nicht separat verifiziert);https://www.stw-riesa.de/;2026-09-18;Website erwaehnt in einer News-Meldung auch SachsenNetze im Zusammenhang mit Netzarbeiten in Riesa - genaue Abgrenzung der Netzbetreiberrolle zwischen Stadtwerke Riesa GmbH und SachsenNetze nicht abschliessend geklaert. TAB-Link nicht gefunden. Rechtsform GmbH aus Firmierung angenommen, nicht per Handelsregister verifiziert.
Zwickauer Energieversorgung GmbH (ZEV, Netzbetrieb der Stadtwerke Zwickau Holding GmbH);GmbH;Bahnhofstraße 4;08056;Zwickau;SN;0375 3541-0;info@zev-energie.de;https://www.zev-energie.de/;https://www.zev-energie.de/download.php?download=TAB_Niederspannung_2023.pdf;TAB 2023, gueltig ab 01.10.2023;n/a - nur PDF-Formulare zum Download/Email, kein separates Online-Portal gefunden;https://www.stadtwerke-zwickau.de/tochtergesellschaften_zev.php , https://www.zev-energie.de/;2026-09-18;"Eigentlicher Netzbetreiber ist die Tochtergesellschaft ""Zwickauer Energieversorgung GmbH"" (ZEV) der Stadtwerke Zwickau Holding GmbH (Holding selbst ist nicht operativ taetig)."
Stadtwerke Bitterfeld-Wolfen GmbH;GmbH;Steinfurther Straße 46;06766;Bitterfeld-Wolfen;ST;+49 3494 38-0;info@swb-w.de;https://www.stadtwerke-bitterfeld-wolfen.de/;n/a;n/a;n/a;https://www.stadtwerke-bitterfeld-wolfen.de/impressum;2026-09-18;"Weitere Unterseiten (Netzanschluss/Downloads) waren in dieser Sandbox wiederholt nicht erreichbar (Verbindungsfehler) - TAB-Niederspannung-Link und Anmeldeportal konnten deshalb nicht ermittelt werden, nicht geraten; manuell pruefen."
Dessauer Stromversorgung GmbH (DSV);GmbH;Albrechtstraße 48;06844;Dessau-Roßlau;ST;0800 899 1500;stadtwerke@dvv-dessau.de;https://www.dvv-dessau.de/;https://www.dvv-dessau.de/wp-content/uploads/2026/08/TAB-Niederspannung-2026_v1_0.pdf;TAB Niederspannung 2026, Version 1.0;n/a;https://www.dvv-dessau.de/impressum , https://www.dvv-dessau.de/energie/netze;2026-09-18;"UNSICHER: Stromnetzbetreiber fuer Dessau-Rosslau ist laut dvv-dessau.de die Dessauer Stromversorgung GmbH (DSV), eine Tochter der Dessauer Versorgungs- und Verkehrsgesellschaft mbH (DVV, Handelsregister Amtsgericht Stendal HRB 11940). Adresse/Telefon/Email sind die allgemeinen Kontaktdaten der DVV-Unternehmensgruppe (""Stadtwerke Dessau"") - eine eigene, DSV-spezifische Anschrift/Rufnummer wurde nicht separat gefunden. Ein Anmeldeportal-Link wurde nicht gefunden."
Energieversorgung Halle Netz GmbH;GmbH;Bornknechtstraße 5;06108;Halle (Saale);ST;(0345) 581-0;kontakt@netzhalle.de;https://netzhalle.de/;https://netzhalle.de/sixcms/media.php/233/TAB%202023.pdf;TAB 2023 v2.0, gültig ab 01.01.2025 (zzgl. Ergänzung zur TAB 2023, gültig ab 01.11.2023: https://netzhalle.de/sixcms/media.php/233/Erg%C3%A4nzung%20zur%20TAB%202023.pdf);https://iws.netzhalle.de/iws-frontoffice/login.html;https://netzhalle.de/impressum , https://netzhalle.de/infos-news/infos/preisblaetter-und-downloads , https://netzhalle.de/produkte-dienstleistungen/netzanschluss;2026-09-18;"Im Ausgangs-Set als ""Stadtwerke Halle Netz GmbH"" bezeichnet - korrekter Firmenname laut Impressum ist Energieversorgung Halle Netz GmbH (Tochter der Stadtwerke Halle GmbH, Bornknechtstraße 5, 06108 Halle, Tel. (0345) 581-0, kontakt@swh.de; SWH-Gruppe). Marke/Portal-Domain: netzhalle.de."
Stadtwerke Stendal GmbH;GmbH;Rathenower Straße 1;39576;Hansestadt Stendal;ST;03931 688 886 (allgemein) / Anschlusswesen 03931-688520;kontakt@stadtwerke-stendal.de (allgemein) / anschlusswesen@stadtwerke-stendal.de;https://www.stadtwerke-stendal.de/;https://www.stadtwerke-stendal.de/downloadcenter-netz;TAB Mitteldeutschland 2023 (BDEW-Bundesmusterwortlaut), zzgl. Ergänzung gültig ab 01.06.2024;n/a;https://www.stadtwerke-stendal.de/impressum , https://www.stadtwerke-stendal.de/downloadcenter-netz;2026-09-18;"TAB-Dokument ""TAB Mitteldeutschland 2023 BDEW"" liegt laut Seite im Downloadcenter Netz; der direkte PDF-Dateiname/-Link konnte vom Crawler nicht extrahiert werden, daher Verweis auf die Downloadcenter-Netz-Seite statt PDF-Direktlink (nicht geraten). Kein separates Netzanschluss-Anmeldeportal (Login) gefunden."
Stadtwerke Lutherstadt Wittenberg GmbH;GmbH;Lucas-Cranach-Straße 22;06886;Lutherstadt Wittenberg;ST;03491 470-0;slw@stadtwerke-wittenberg.de;https://www.stadtwerke-wittenberg.de/;n/a;n/a;n/a;https://www.stadtwerke-wittenberg.de/impressum , https://www.stadtwerke-wittenberg.de/service/downloadcenter;2026-09-18;"Laut Downloadcenter-Seite werden technische/rechtliche Unterlagen (u.a. NAV/NDAV, Preisblätter) bereitgestellt; ein konkreter TAB-Niederspannung-PDF-Link konnte vom Crawler nicht extrahiert werden, nicht geraten - manuell im Downloadcenter unter ""Netzservice"" pruefen."
Netze Magdeburg GmbH;GmbH;Franckestraße 8;39104;Magdeburg;ST;0391 587-1500;info@netze-magdeburg.de;https://www.netze-magdeburg.de/;https://www.netze-magdeburg.de/wp-content/uploads/pdf/tab_2023_v2.0_20240502.pdf;TAB 2023 v2.0, Stand 02.05.2024;https://www.netze-magdeburg.de/netzanschluss/netzanschlussportal/;https://www.netze-magdeburg.de/impressum , https://www.netze-magdeburg.de/technische_anschlussbedingungen_der_netze_magdeburg_gmbh/ , https://www.netze-magdeburg.de/sitemap.xml;2026-09-18;"Netzbetreiber-Tochtergesellschaft der Städtische Werke Magdeburg GmbH & Co. KG (Am Blauen Bock 1, 39104 Magdeburg, Tel. 0391 587 0, info@sw-magdeburg.de). Im Ausgangs-Set als ""MVGM Netz"" bezeichnet - korrekter Firmenname laut Impressum ist Netze Magdeburg GmbH."
Stadtwerke Merseburg GmbH;GmbH;Große Ritterstraße 9;06217;Merseburg;ST;03461 454-0;kontakt@sw-merseburg.de;https://www.stadtwerke-merseburg.de/;n/a;n/a;n/a;https://www.stadtwerke-merseburg.de/impressum , https://www.stadtwerke-merseburg.de/netznutzung , https://www.stadtwerke-merseburg.de/netznutzung/hausanschluesse;2026-09-18;"Unterseiten ""netznutzung/stromnetz"" und ""netznutzung/hausanschluesse"" vorhanden, aber kein direkt verlinktes TAB-Niederspannung-PDF im untersuchten Seiteninhalt gefunden - nicht geraten, manuell pruefen."
Stadtwerke Wernigerode GmbH;GmbH;Am Kupferhammer 38;38855;Wernigerode;ST;03943 556-0;info@stadtwerke-wernigerode.de;https://www.stadtwerke-wernigerode.de/;https://www.stadtwerke-wernigerode.de/_Resources/Persistent/5/e/d/4/5ed4980237ff591dcff55e76ef237d1f86e730dc/TAB_Niederspannung_2023.pdf;TAB Niederspannung 2023;https://hap.wer.ivurz.de/X4/webapp/KundenportalNetzanschluss/login;https://www.stadtwerke-wernigerode.de/footer/impressum.html , https://www.stadtwerke-wernigerode.de/netze/netzanschluss/technische-anforderungen.html;2026-09-18;"Zusaetzlich zur TAB 2023 werden auf der Seite auch ""Ergaenzungen der Stadtwerke Wernigerode zu den TAB 2023"" und Umsetzungshinweise bereitgestellt (Downloadgroesse zusammen ca. 3 MB)."
Mitteldeutsche Netzgesellschaft Strom mbH (MITNETZ STROM);GmbH;Industriestr. 10;06184;Kabelsketal;ST, TH;n/a;n/a;https://www.mitnetz-strom.de/;n/a;n/a;n/a;https://www.northdata.de/Mitteldeutsche+Netzgesellschaft+Strom+mbH,+Kabelsketal/HRB+215080 | https://de.wikipedia.org/wiki/EnviaM | https://www.dastelefonbuch.de;2026-09-18;"[Zusammengeführt aus 2 Regions-Treffern] Größter Flächen-VNB in Sachsen-Anhalt (enviaM-/E.ON-Konzern), Handelsregister Amtsgericht Stendal HRB 215080, frühere Bezeichnung ""envia Verteilnetz GmbH"". Die Domain mitnetz-strom.de war in dieser Sandbox bei jedem Versuch technisch nicht erreichbar (DNS-/robots.txt-Fehler) - Telefon, E-Mail und TAB-Niederspannung-Link konnten deshalb nicht verifiziert werden, nicht geraten; manuell auf mitnetz-strom.de pruefen. Fuer Naumburg (Saale)/Burgenlandkreis konnte keine eigenstaendige kommunale Netzgesellschaft gefunden werden - das Niederspannungsnetz liegt dort vermutlich bei MITNETZ STROM, dies konnte wegen der Zugriffssperre nicht bestaetigt werden. || Netzgesellschaft der enviaM-Gruppe (E.ON-Konzern), Sitz Halle (Saale) in Sachsen-Anhalt, betreibt Teile des Stromverteilnetzes im östlichen Thüringen - genaues Netzgebiet in TH in dieser Recherche NICHT verifiziert. Haupt-Website mitnetz-strom.de war technisch nicht abrufbar (robots.txt-Fehler bei jedem Versuch), daher TAB-Link, Email und Anmeldeportal nicht auffindbar. Eine Telefonnummer war bei einer Drittquelle nur teilweise maskiert sichtbar (""0800 2 30 5…0 70"") - da die genauen Ziffern nicht zweifelsfrei erkennbar waren, wurde sie hier NICHT übernommen (nicht raten). Bitte manuell auf mitnetz-strom.de nachschlagen."
Stadtwerke Altenburg;n/a;n/a;n/a;Altenburg;TH;n/a;n/a;n/a;n/a;n/a;n/a;n/a;2026-09-18;"KONNTE IN DIESER RECHERCHE NICHT VERIFIZIERT WERDEN. Der Zugriff auf die vermutete Domain stadtwerke-altenburg.de schlug mit einem TLS/SSL-Fehler fehl (Domain könnte real, aber technisch in dieser Sandbox nicht erreichbar sein); eine Verzeichnis-Suche lieferte einen Server-Fehler (410) ohne Ergebnis. Name der Netzgesellschaft, Adresse, Kontaktdaten und TAB-Link unbekannt - bitte manuell nachrecherchieren (Web-Recherche-Kontingent in dieser Sitzung erschöpft)."
Stadtwerke Eisenach;n/a;n/a;n/a;Eisenach;TH;n/a;n/a;n/a;n/a;n/a;n/a;n/a;2026-09-18;"KONNTE IN DIESER RECHERCHE NICHT VERIFIZIERT WERDEN. Vermutete Domains (stadtwerke-eisenach.de, evb-eisenach.de) lieferten DNS-Fehler (nicht auflösbar); Verzeichnis-Suchen nach ""Stadtwerke Eisenach"" fanden keinen passenden Treffer. Es bleibt unklar, ob Eisenach einen eigenständigen Stromverteilnetzbetreiber besitzt oder ob das Gebiet von TEN Thüringer Energienetze GmbH & Co. KG mitversorgt wird. Vor Nutzung dringend über das Marktstammdatenregister der Bundesnetzagentur oder eine erneute gezielte Websuche verifizieren - in dieser Sitzung war das Web-Recherche-Kontingent zum Zeitpunkt der Prüfung bereits erschöpft."
SWE Netz GmbH;GmbH;Magdeburger Allee 34;99086;Erfurt;TH;0361 564-2701;n/a;https://www.swe-netz.de;n/a;n/a;n/a;https://www.dastelefonbuch.de | https://www.stadtwerke-erfurt.de (allgemeine Konzern-Hotline 0361 564-1010);2026-09-18;"Netzgesellschaft der Stadtwerke Erfurt Gruppe (Holding: SWE Stadtwerke Erfurt GmbH). Die Website swe-netz.de war in dieser Recherche bei JEDEM Zugriffsversuch technisch blockiert (WAF-Fehlermeldung ""The requested URL was rejected"", auch über die Muttergesellschaft stadtwerke-erfurt.de kein Zugriff auf Detailseiten möglich). Email, TAB-Niederspannung-Link und Anmeldeportal konnten deshalb NICHT verifiziert werden - bitte direkt auf www.swe-netz.de nachschlagen (Prioritäts-VNB, unbedingt manuell nachrecherchieren)."
TEN Thüringer Energienetze GmbH & Co. KG;GmbH & Co. KG;Schwerborner Straße 30;99087;Erfurt;TH;03641 63-1888;info@thueringer-energienetze.com;https://www.thueringer-energienetze.com;https://www.thueringer-energienetze.com/Content/Documents/Anschluss/Hinweise_TAB-2026_Thueringen.pdf;Ausgabe Juli 2026 (TAB 2026);https://www.ten-netzkundenportal.de/;https://www.dastelefonbuch.de | https://www.thueringer-energienetze.com;2026-09-18;"Größter Flächen-VNB Thüringens (TEAG-Tochter), versorgt ca. 1,1 Mio. Menschen. WICHTIG: korrekte Domain ist thueringer-energienetze.com - die im Rechercheauftrag naheliegende Domain ""ten-thueringen.de"" existiert nicht/ist nicht erreichbar. Netzservice-Kontakt separat: Tel. 03641 63-1888 (Fax 03641 63-1889), Email netzservice@thueringer-energienetze.com. TAB-Link verweist auf die TEN-eigenen ""Hinweise zur Umsetzung TAB 2026 Thüringen"" (regionale Ergänzung zum BDEW-Bundesmusterwortlaut); ob zusätzlich ein separates reines NS-PDF existiert, war mit den verbliebenen Recherche-Mitteln nicht abschließend zu klären - vor Verwendung auf der TEN-Website gegenprüfen."
GeraNetz GmbH;GmbH;De-Smit-Straße 18;07545;Gera;TH;0365 856-2500;info@geranetz.de;https://www.geranetz.de;https://www.geranetz.de/fileadmin/user_upload/strom/veroeffentlichungen/Technische_Vorschriften/Technische_Anschlussbedingungen_TAB_2023.pdf;2023 (exaktes Ausgabedatum auf der Website nicht angegeben, nur Versionsjahr 2023 im Dateinamen);https://portal.geranetz.de/ec4/ec.php;https://www.dastelefonbuch.de | https://www.geranetz.de;2026-09-18;"Eigentlicher Verteilnetzbetreiber (Strom/Gas) für Gera, rechtlicher Name ""GeraNetz GmbH"" (im Rechercheauftrag als ""Stadtwerke Gera Netz"" bezeichnet - dies ist die gemeinte Netzgesellschaft). Notfall-Hotline Strom: 0365 856-1616. Angegebenes Portal ist das allgemeine Kundenportal, kein separates dediziertes Netzanschluss-Anmeldeportal identifiziert."
Gothaer Stadtwerke NETZ GmbH;GmbH;Pfullendorfer Straße 83;99867;Gotha;TH;03621 21198-0;mail@gothaer-stadtwerke-netz.de;https://www.gothaer-stadtwerke-netz.de;https://www.gothaer-stadtwerke-netz.de/_Resources/Persistent/6/5/d/7/65d7a8ba41fef035eefa760e558356e422ea5cc0/BDEW_TAB_Niederspannung_2026.pdf;gültig ab 07/2026;https://netzanschluss.gothaer-stadtwerke-netz.de/;https://www.gothaer-stadtwerke-netz.de (Impressum, Navigation, TAB-Seite);2026-09-18;"Eigenständige Netzgesellschaft, zum 01.01.2025 umbenannt in ""Gothaer Stadtwerke NETZ GmbH"" (vorheriger Name laut Presseauftritt nicht mehr aktuell). Zu unterscheiden von der separaten Vertriebsgesellschaft ""Gothaer Stadtwerke ENERGIE GmbH"" (gleiche Adresse Pfullendorfer Str. 83, HRB 102245 Amtsgericht Jena, Geschäftsführer Sven Anders) - eigene HRB-Nummer der NETZ GmbH nicht separat verifiziert. Betreibt ca. 800 km Stromleitungen und 400 km Gasleitungen im Netzgebiet Gotha."
Stadtwerke Jena Netze GmbH;GmbH;Rudolstädter Straße 39;07745;Jena;TH;03641 688-0;netze@stadtwerke-jena.de;https://www.stadtwerke-jena-netze.de;https://www.stadtwerke-jena-netze.de/dam/jcr:e9170275-1f16-4994-908d-6e70dcf8df5f/BDEW_Bundesmusterwortlaut_TAB_2023v2.0.pdf;BDEW-Bundesmusterwortlaut TAB 2023 v2.0, gültig seit 01.07.2023;https://www.stadtwerke-jena-netze.de/netzanschluss/strom/niederspannung.html;https://www.stadtwerke-jena-netze.de (Impressum, Navigation, TAB-Seite);2026-09-18;"WICHTIG - weicht vom vorgegebenen Startpunkt ab: Die tatsächliche Netzgesellschaft für Jena heißt ""Stadtwerke Jena Netze GmbH"" (HRB 502086, Amtsgericht Jena, USt-ID DE 257742024, Geschäftsführerin Kristin Weiß) - NICHT ""JES Netz GmbH"" (JES ist die Jenaer Verkehrsgesellschaft/Nahverkehr und hat mit dem Stromnetz nichts zu tun). Unter derselben Adresse firmiert zusätzlich ""Stadtwerke Energie Jena-Pößneck GmbH"" (vermutlich Vertriebs-/Betriebsführungsgesellschaft) - Abgrenzung beider Gesellschaften nicht abschließend verifiziert. Kein separates externes Anmeldeportal-Tool gefunden, nur die verlinkte Verfahrensseite."
Stadtwerke Meiningen GmbH;GmbH;Utendorfer Str. 122;98617;Meiningen;TH;03693 484-300;n/a;https://www.stadtwerke-meiningen.de;n/a;n/a;n/a;https://www.stadtwerke-meiningen.de;2026-09-18;"100%ige Tochter der Stadt Meiningen (seit 1991), betreibt Strom/Gas/Wasser/Fernwärme offenbar als integriertes Unternehmen - auf der Homepage wurde keine separate ""...Netz GmbH"" identifiziert, es ist NICHT abschließend verifiziert, ob Stadtwerke Meiningen GmbH selbst der Verteilnetzbetreiber Niederspannung ist. TAB-Link nicht gefunden (nur Homepage-Ebene geprüft, tiefere Unterseiten wegen erschöpftem Recherche-Kontingent nicht mehr durchsuchbar). Notdienste: Strom 03693 484-200, Gas 03693 484-600."
Stadtwerke Mühlhausen Netz GmbH;GmbH;Windeberger Landstraße 73;99974;Mühlhausen;TH;03601 434-3;n/a;https://www.stadtwerke-muehlhausen-netz.de;n/a;n/a;n/a;https://www.stadtwerke-muehlhausen.de | https://www.stadtwerke-muehlhausen-netz.de (Impressum);2026-09-18;"Eigenständige Netzgesellschaft (HRB 500973, Amtsgericht Jena; USt-ID DE 252109819; Geschäftsführer Ronald Dreischerf), zertifiziert nach VDE TSM und DVGW TSM, Genehmigung nach §4 EnWG durch das Thüringer Wirtschaftsministerium. Email nur verschlüsselt/als Kontaktformular auf der Website verfügbar, nicht auslesbar. TAB-Niederspannung-PDF-Link auf Homepage-Ebene nicht gefunden (tiefere Unterseiten wegen erschöpftem Recherche-Kontingent nicht mehr durchsuchbar). 24h-Notdienst: 03601 434-555."
Stadtwerke Nordhausen;n/a;Robert-Blum-Str. 1;99734;Nordhausen;TH;n/a;n/a;https://www.stadtwerke-nordhausen.de;n/a;n/a;n/a;https://www.dastelefonbuch.de;2026-09-18;"UNSICHER/unvollständig - die Haupt-Website stadtwerke-nordhausen.de war technisch nicht abrufbar (robots.txt blockierte jeden Zugriff generell). Die Adresse stammt aus einem Drittquellen-Eintrag für ""Stadtwerke Nordhausen Containerdienst"" und wird als mögliche Konzernadresse übernommen, ist aber NICHT direkt für den Stromnetzbetrieb (Niederspannung) bestätigt. Eine Telefonnummer war nur teilweise maskiert sichtbar (""03631 63 9…1 50"") und wurde deshalb NICHT übernommen (nicht raten). Exakter Name der Netzgesellschaft, Rechtsform, Email und TAB-Link müssen manuell nachrecherchiert werden."
Stadtwerke Rudolstadt;n/a;n/a;n/a;Rudolstadt;TH;n/a;n/a;n/a;n/a;n/a;n/a;n/a;2026-09-18;"KONNTE IN DIESER RECHERCHE NICHT VERIFIZIERT WERDEN. Der Zugriff auf die vermutete Domain stadtwerke-rudolstadt.de schlug mit einem TLS/SSL-Fehler fehl (Domain könnte real, aber technisch in dieser Sandbox nicht erreichbar sein); eine Verzeichnis-Suche lieferte einen Server-Fehler (410) ohne Ergebnis. Name der Netzgesellschaft, Adresse, Kontaktdaten und TAB-Link unbekannt - bitte manuell nachrecherchieren (Web-Recherche-Kontingent in dieser Sitzung erschöpft)."
Stadtwerke Saalfeld;n/a;Remschützer Straße 42;07318;Saalfeld;TH;03671 590-0;n/a;https://www.stadtwerke-saalfeld.de;n/a;n/a;https://kundenportal.stadtwerke-saalfeld.de/;https://www.stadtwerke-saalfeld.de;2026-09-18;"UNSICHER - der genaue rechtliche Name der Netzgesellschaft (analog zu anderen Thüringer Städten oft eine separate ""...Netz GmbH"") konnte NICHT verifiziert werden, da die Impressum-Unterseite einen 404-Fehler lieferte. Adresse und Telefonnummer stammen von der allgemeinen Unternehmens-Homepage und könnten identisch mit einer separaten Vertriebsgesellschaft sein. Rechtsform, exakter Firmenname, Email und TAB-Link müssen manuell nachrecherchiert werden (z. B. Marktstammdatenregister)."
SWSZ Stadtwerke Suhl/Zella-Mehlis GmbH;GmbH;Fröhliche-Mann-Straße 2;98528;Suhl;TH;03681 495-0;n/a;https://www.swsz.de;n/a;n/a;https://kundenkonto.swsz.de/;https://www.dastelefonbuch.de | https://www.swsz.de;2026-09-18;"Kombiniertes Energieversorgungs-/Netzunternehmen für Suhl und Zella-Mehlis (Marke ""Rennsteig""). Ob SWSZ das Stromverteilnetz selbst als VNB betreibt oder eine separate Netzgesellschaft existiert, wurde NICHT abschließend verifiziert. Email nur per JavaScript-verschlüsseltem Kontaktformular verfügbar, nicht auslesbar. TAB-Niederspannung-Link auf Homepage-Ebene nicht auffindbar (tiefere Unterseiten wegen erschöpftem Recherche-Kontingent nicht mehr durchsuchbar). 24h-Notdienst: 03681 495-1111."
ENWG Energienetze Weimar GmbH & Co. KG;GmbH & Co. KG;n/a;n/a;Weimar;TH;n/a;n/a;n/a;n/a;n/a;https://onlineportal.sw-weimar.de/;https://de.wikipedia.org/wiki/Stadtwerke_Weimar | https://www.sw-weimar.de;2026-09-18;"Netzgesellschaft laut Wikipedia ""ENWG Energienetze Weimar GmbH & Co. KG"" (gegründet 2005 zum Betrieb der Strom-/Gasnetze in Weimar). Eigene Kontaktdaten (Adresse/Telefon/Email/Website) der ENWG selbst konnten in dieser Recherche NICHT direkt verifiziert werden - gefunden wurden nur die Daten der Muttergesellschaft Stadtwerke Weimar Stadtversorgungs-GmbH (Kundencenter: Goethekaufhaus, Theaterplatz 2a, 99423 Weimar; Tel. 03643 4341-451; Email kundendienst@sw-weimar.de; Verwaltungssitz laut Wikipedia: Industriestraße 14, Gewerbegebiet Weimar-Nord). Das Anmeldeportal ist das allgemeine Kundenportal der Stadtwerke, nicht spezifisch als Netzanschluss-Portal bestätigt. Bitte auf sw-weimar.de gezielt nach ENWG-Impressum suchen."
